entry_ts,exit_ts,side,units_opened,units_closed,entry_price,exit_price,leg,reason,pnl_pips,pnl_pips_weighted,pnl_usd,mae_pips,equity,hold_bars,entry_components
2026-01-02T07:30:00.000000000Z,2026-01-02T07:30:00.000000000Z,LONG,21000.00,0.00,0.66943,0.66943,ENTRY,ENTRY,0.00,0.00,0.0000,0.00,0.0000,0,cross=0;pullback=1;rejoin=0;continuation=0
2026-01-02T07:30:00.000000000Z,2026-01-02T09:30:00.000000000Z,LONG,21000.00,21000.00,0.66943,0.66993,EXIT,FLIP,5.00,5.00,10.5000,-1.90,10.5000,8,cross=0;pullback=1;rejoin=0;continuation=0
2026-01-02T09:30:00.000000000Z,2026-01-02T09:30:00.000000000Z,SHORT,21000.00,0.00,0.66993,0.66993,ENTRY,FLIP_ENTRY,0.00,0.00,0.0000,0.00,10.5000,0,cross=1;pullback=0;rejoin=0;continuation=0
2026-01-02T09:30:00.000000000Z,2026-01-02T12:00:00.000000000Z,SHORT,21000.00,21000.00,0.66993,0.66937,EXIT,FLIP,5.60,5.60,11.7600,-2.00,22.2600,10,cross=1;pullback=0;rejoin=0;continuation=0
2026-01-02T12:00:00.000000000Z,2026-01-02T12:00:00.000000000Z,LONG,21000.00,0.00,0.66937,0.66937,ENTRY,FLIP_ENTRY,0.00,0.00,0.0000,0.00,22.2600,0,cross=0;pullback=1;rejoin=0;continuation=0
2026-01-02T12:00:00.000000000Z,2026-01-02T16:30:00.000000000Z,LONG,21000.00,21000.00,0.66937,0.66851,EXIT,FLIP,-8.60,-8.60,-18.0600,-12.40,4.2000,18,cross=0;pullback=1;rejoin=0;continuation=0
2026-01-02T16:30:00.000000000Z,2026-01-02T16:30:00.000000000Z,SHORT,21000.00,0.00,0.66851,0.66851,ENTRY,FLIP_ENTRY,0.00,0.00,0.0000,0.00,4.2000,0,cross=0;pullback=1;rejoin=1;continuation=0
2026-01-02T16:30:00.000000000Z,2026-01-02T17:15:00.000000000Z,SHORT,21000.00,21000.00,0.66851,0.66896,EXIT,FLIP,-4.50,-4.50,-9.4500,-4.20,-5.2500,3,cross=0;pullback=1;rejoin=1;continuation=0
2026-01-02T17:15:00.000000000Z,2026-01-02T17:15:00.000000000Z,LONG,21000.00,0.00,0.66896,0.66896,ENTRY,FLIP_ENTRY,0.00,0.00,0.0000,0.00,-5.2500,0,cross=1;pullback=0;rejoin=0;continuation=0
2026-01-02T17:15:00.000000000Z,2026-01-02T21:30:00.000000000Z,LONG,21000.00,21000.00,0.66896,0.66921,EXIT,FLIP,2.50,2.50,5.2500,-12.00,-0.0000,17,cross=1;pullback=0;rejoin=0;continuation=0
2026-01-02T21:30:00.000000000Z,2026-01-02T21:30:00.000000000Z,SHORT,21000.00,0.00,0.66921,0.66921,ENTRY,FLIP_ENTRY,0.00,0.00,0.0000,0.00,-0.0000,0,cross=0;pullback=1;rejoin=0;continuation=0
2026-01-02T21:30:00.000000000Z,2026-01-05T01:15:00.000000000Z,SHORT,21000.00,21000.00,0.66921,0.66831,EXIT,FLIP,9.00,9.00,18.9000,-3.50,18.9000,15,cross=0;pullback=1;rejoin=0;continuation=0
2026-01-05T01:15:00.000000000Z,2026-01-05T01:15:00.000000000Z,LONG,21000.00,0.00,0.66831,0.66831,ENTRY,FLIP_ENTRY,0.00,0.00,0.0000,0.00,18.9000,0,cross=0;pullback=1;rejoin=0;continuation=0
2026-01-05T01:15:00.000000000Z,2026-01-05T07:30:00.000000000Z,LONG,21000.00,21000.00,0.66831,0.66745,EXIT,FLIP,-8.60,-8.60,-18.0600,-17.90,0.8400,25,cross=0;pullback=1;rejoin=0;continuation=0
2026-01-05T07:30:00.000000000Z,2026-01-05T07:30:00.000000000Z,SHORT,21000.00,0.00,0.66745,0.66745,ENTRY,FLIP_ENTRY,0.00,0.00,0.0000,0.00,0.8400,0,cross=1;pullback=0;rejoin=0;continuation=0
2026-01-05T07:30:00.000000000Z,2026-01-05T14:00:00.000000000Z,SHORT,21000.00,21000.00,0.66745,0.66843,EXIT,FLIP,-9.80,-9.80,-20.5800,-14.10,-19.7400,26,cross=1;pullback=0;rejoin=0;continuation=0
2026-01-05T14:00:00.000000000Z,2026-01-05T14:00:00.000000000Z,LONG,21000.00,0.00,0.66843,0.66843,ENTRY,FLIP_ENTRY,0.00,0.00,0.0000,0.00,-19.7400,0,cross=1;pullback=0;rejoin=0;continuation=0
2026-01-05T14:00:00.000000000Z,2026-01-05T15:25:00.000000000Z,LONG,21000.00,9450.00,0.66843,0.67036,TP1,TP1,19.30,8.68,18.2385,-2.40,-1.5015,4,cross=1;pullback=0;rejoin=0;continuation=0
2026-01-05T14:00:00.000000000Z,2026-01-05T15:25:00.000000000Z,LONG,21000.00,11550.00,0.66843,0.67086,RUNNER,RUNNER_STOP,24.30,13.36,28.0665,-2.40,26.5650,4,cross=1;pullback=0;rejoin=0;continuation=0
2026-01-05T17:45:00.000000000Z,2026-01-05T17:45:00.000000000Z,SHORT,21000.00,0.00,0.67115,0.67115,ENTRY,ENTRY,0.00,0.00,0.0000,0.00,26.5650,0,cross=1;pullback=0;rejoin=0;continuation=0
2026-01-05T17:45:00.000000000Z,2026-01-05T21:00:00.000000000Z,SHORT,21000.00,21000.00,0.67115,0.67180,EXIT,FLIP,-6.50,-6.50,-13.6500,-6.30,12.9150,13,cross=1;pullback=0;rejoin=0;continuation=0
2026-01-05T21:00:00.000000000Z,2026-01-05T21:00:00.000000000Z,LONG,21000.00,0.00,0.67180,0.67180,ENTRY,FLIP_ENTRY,0.00,0.00,0.0000,0.00,12.9150,0,cross=0;pullback=1;rejoin=1;continuation=0
2026-01-05T21:00:00.000000000Z,2026-01-06T06:57:00.000000000Z,LONG,21000.00,9450.00,0.67180,0.67373,TP1,TP1,19.30,8.68,18.2385,-14.60,31.1535,38,cross=0;pullback=1;rejoin=1;continuation=0
2026-01-05T21:00:00.000000000Z,2026-01-06T06:57:00.000000000Z,LONG,21000.00,11550.00,0.67180,0.67423,RUNNER,RUNNER_STOP,24.30,13.36,28.0665,-14.60,59.2200,38,cross=0;pullback=1;rejoin=1;continuation=0
2026-01-06T09:30:00.000000000Z,2026-01-06T09:30:00.000000000Z,LONG,21000.00,0.00,0.67233,0.67233,ENTRY,ENTRY,0.00,0.00,0.0000,0.00,59.2200,0,cross=0;pullback=1;rejoin=0;continuation=0
2026-01-06T09:30:00.000000000Z,2026-01-06T15:00:00.000000000Z,LONG,21000.00,21000.00,0.67233,0.67259,EXIT,FLIP,2.60,2.60,5.4600,-11.30,64.6800,22,cross=0;pullback=1;rejoin=0;continuation=0
2026-01-06T15:00:00.000000000Z,2026-01-06T15:00:00.000000000Z,SHORT,21000.00,0.00,0.67259,0.67259,ENTRY,FLIP_ENTRY,0.00,0.00,0.0000,0.00,64.6800,0,cross=0;pullback=1;rejoin=0;continuation=0
2026-01-06T15:00:00.000000000Z,2026-01-06T16:45:00.000000000Z,SHORT,21000.00,21000.00,0.67259,0.67315,EXIT,FLIP,-5.60,-5.60,-11.7600,-7.00,52.9200,7,cross=0;pullback=1;rejoin=0;continuation=0
2026-01-06T16:45:00.000000000Z,2026-01-06T16:45:00.000000000Z,LONG,21000.00,0.00,0.67315,0.67315,ENTRY,FLIP_ENTRY,0.00,0.00,0.0000,0.00,52.9200,0,cross=0;pullback=1;rejoin=1;continuation=0
2026-01-06T16:45:00.000000000Z,2026-01-06T18:45:00.000000000Z,LONG,21000.00,21000.00,0.67315,0.67348,EXIT,FLIP,3.30,3.30,6.9300,-0.90,59.8500,8,cross=0;pullback=1;rejoin=1;continuation=0
2026-01-06T18:45:00.000000000Z,2026-01-06T18:45:00.000000000Z,SHORT,21000.00,0.00,0.67348,0.67348,ENTRY,FLIP_ENTRY,0.00,0.00,0.0000,0.00,59.8500,0,cross=0;pullback=1;rejoin=0;continuation=0
2026-01-06T18:45:00.000000000Z,2026-01-07T01:15:00.000000000Z,SHORT,21000.00,21000.00,0.67348,0.67372,EXIT,FLIP,-2.40,-2.40,-5.0400,-7.10,54.8100,26,cross=0;pullback=1;rejoin=0;continuation=0
2026-01-07T01:15:00.000000000Z,2026-01-07T01:15:00.000000000Z,LONG,21000.00,0.00,0.67372,0.67372,ENTRY,FLIP_ENTRY,0.00,0.00,0.0000,0.00,54.8100,0,cross=1;pullback=1;rejoin=1;continuation=0
2026-01-07T01:15:00.000000000Z,2026-01-07T03:52:00.000000000Z,LONG,21000.00,9450.00,0.67372,0.67565,TP1,TP1,19.30,8.68,18.2385,-1.40,73.0485,9,cross=1;pullback=1;rejoin=1;continuation=0
2026-01-07T01:15:00.000000000Z,2026-01-07T03:52:00.000000000Z,LONG,21000.00,11550.00,0.67372,0.67615,RUNNER,RUNNER_STOP,24.30,13.36,28.0665,-1.40,101.1150,9,cross=1;pullback=1;rejoin=1;continuation=0
2026-01-07T04:45:00.000000000Z,2026-01-07T04:45:00.000000000Z,SHORT,21000.00,0.00,0.67592,0.67592,ENTRY,ENTRY,0.00,0.00,0.0000,0.00,101.1150,0,cross=0;pullback=1;rejoin=0;continuation=0
2026-01-07T04:45:00.000000000Z,2026-01-07T07:38:00.000000000Z,SHORT,21000.00,9450.00,0.67592,0.67399,TP1,TP1,19.30,8.68,18.2385,-2.20,119.3535,10,cross=0;pullback=1;rejoin=0;continuation=0
2026-01-07T04:45:00.000000000Z,2026-01-07T07:38:00.000000000Z,SHORT,21000.00,11550.00,0.67592,0.67349,RUNNER,RUNNER_STOP,24.30,13.36,28.0665,-2.20,147.4200,10,cross=0;pullback=1;rejoin=0;continuation=0
2026-01-07T08:45:00.000000000Z,2026-01-07T08:45:00.000000000Z,LONG,21000.00,0.00,0.67393,0.67393,ENTRY,ENTRY,0.00,0.00,0.0000,0.00,147.4200,0,cross=0;pullback=1;rejoin=0;continuation=0
2026-01-07T08:45:00.000000000Z,2026-01-07T12:00:00.000000000Z,LONG,21000.00,21000.00,0.67393,0.67315,EXIT,FLIP,-7.80,-7.80,-16.3800,-7.30,131.0400,13,cross=0;pullback=1;rejoin=0;continuation=0
2026-01-07T12:00:00.000000000Z,2026-01-07T12:00:00.000000000Z,SHORT,21000.00,0.00,0.67315,0.67315,ENTRY,FLIP_ENTRY,0.00,0.00,0.0000,0.00,131.0400,0,cross=1;pullback=0;rejoin=0;continuation=0
2026-01-07T12:00:00.000000000Z,2026-01-07T17:15:00.000000000Z,SHORT,21000.00,21000.00,0.67315,0.67305,EXIT,FLIP,1.00,1.00,2.1000,-14.90,133.1400,21,cross=1;pullback=0;rejoin=0;continuation=0
2026-01-07T17:15:00.000000000Z,2026-01-07T17:15:00.000000000Z,LONG,21000.00,0.00,0.67305,0.67305,ENTRY,FLIP_ENTRY,0.00,0.00,0.0000,0.00,133.1400,0,cross=1;pullback=0;rejoin=0;continuation=0
2026-01-07T17:15:00.000000000Z,2026-01-08T05:10:00.000000000Z,LONG,21000.00,21000.00,0.67305,0.67018,EXIT,SL,-28.70,-28.70,-60.2700,-27.70,72.8700,46,cross=1;pullback=0;rejoin=0;continuation=0
2026-01-08T05:45:00.000000000Z,2026-01-08T05:45:00.000000000Z,LONG,21000.00,0.00,0.67045,0.67045,ENTRY,ENTRY,0.00,0.00,0.0000,0.00,72.8700,0,cross=0;pullback=1;rejoin=0;continuation=0
2026-01-08T05:45:00.000000000Z,2026-01-08T12:00:00.000000000Z,LONG,21000.00,21000.00,0.67045,0.66932,EXIT,FLIP,-11.30,-11.30,-23.7300,-15.00,49.1400,25,cross=0;pullback=1;rejoin=0;continuation=0
2026-01-08T12:00:00.000000000Z,2026-01-08T12:00:00.000000000Z,SHORT,21000.00,0.00,0.66932,0.66932,ENTRY,FLIP_ENTRY,0.00,0.00,0.0000,0.00,49.1400,0,cross=1;pullback=1;rejoin=1;continuation=0
2026-01-08T12:00:00.000000000Z,2026-01-08T15:00:00.000000000Z,SHORT,21000.00,21000.00,0.66932,0.66963,EXIT,FLIP,-3.10,-3.10,-6.5100,-6.60,42.6300,12,cross=1;pullback=1;rejoin=1;continuation=0
2026-01-08T15:00:00.000000000Z,2026-01-08T15:00:00.000000000Z,LONG,21000.00,0.00,0.66963,0.66963,ENTRY,FLIP_ENTRY,0.00,0.00,0.0000,0.00,42.6300,0,cross=1;pullback=0;rejoin=0;continuation=0
2026-01-08T15:00:00.000000000Z,2026-01-08T17:00:00.000000000Z,LONG,21000.00,21000.00,0.66963,0.66919,EXIT,FLIP,-4.40,-4.40,-9.2400,-7.90,33.3900,8,cross=1;pullback=0;rejoin=0;continuation=0
2026-01-08T17:00:00.000000000Z,2026-01-08T17:00:00.000000000Z,SHORT,21000.00,0.00,0.66919,0.66919,ENTRY,FLIP_ENTRY,0.00,0.00,0.0000,0.00,33.3900,0,cross=0;pullback=1;rejoin=1;continuation=0
2026-01-08T17:00:00.000000000Z,2026-01-08T18:15:00.000000000Z,SHORT,21000.00,21000.00,0.66919,0.66942,EXIT,FLIP,-2.30,-2.30,-4.8300,-3.70,28.5600,5,cross=0;pullback=1;rejoin=1;continuation=0
2026-01-08T18:15:00.000000000Z,2026-01-08T18:15:00.000000000Z,LONG,21000.00,0.00,0.66942,0.66942,ENTRY,FLIP_ENTRY,0.00,0.00,0.0000,0.00,28.5600,0,cross=0;pullback=1;rejoin=1;continuation=0
2026-01-08T18:15:00.000000000Z,2026-01-08T22:15:00.000000000Z,LONG,21000.00,21000.00,0.66942,0.66966,EXIT,FLIP,2.40,2.40,5.0400,-5.70,33.6000,16,cross=0;pullback=1;rejoin=1;continuation=0
2026-01-08T22:15:00.000000000Z,2026-01-08T22:15:00.000000000Z,SHORT,21000.00,0.00,0.66966,0.66966,ENTRY,FLIP_ENTRY,0.00,0.00,0.0000,0.00,33.6000,0,cross=1;pullback=1;rejoin=1;continuation=0
2026-01-08T22:15:00.000000000Z,2026-01-09T02:15:00.000000000Z,SHORT,21000.00,21000.00,0.66966,0.66971,EXIT,FLIP,-0.50,-0.50,-1.0500,-7.60,32.5500,16,cross=1;pullback=1;rejoin=1;continuation=0
2026-01-09T02:15:00.000000000Z,2026-01-09T02:15:00.000000000Z,LONG,21000.00,0.00,0.66971,0.66971,ENTRY,FLIP_ENTRY,0.00,0.00,0.0000,0.00,32.5500,0,cross=1;pullback=0;rejoin=0;continuation=0
2026-01-09T02:15:00.000000000Z,2026-01-09T05:30:00.000000000Z,LONG,21000.00,21000.00,0.66971,0.66935,EXIT,FLIP,-3.60,-3.60,-7.5600,-5.90,24.9900,13,cross=1;pullback=0;rejoin=0;continuation=0
2026-01-09T05:30:00.000000000Z,2026-01-09T05:30:00.000000000Z,SHORT,21000.00,0.00,0.66935,0.66935,ENTRY,FLIP_ENTRY,0.00,0.00,0.0000,0.00,24.9900,0,cross=1;pullback=1;rejoin=1;continuation=0
2026-01-09T05:30:00.000000000Z,2026-01-09T09:00:00.000000000Z,SHORT,21000.00,21000.00,0.66935,0.66850,EXIT,FLIP,8.50,8.50,17.8500,-3.10,42.8400,14,cross=1;pullback=1;rejoin=1;continuation=0
2026-01-09T09:00:00.000000000Z,2026-01-09T09:00:00.000000000Z,LONG,21000.00,0.00,0.66850,0.66850,ENTRY,FLIP_ENTRY,0.00,0.00,0.0000,0.00,42.8400,0,cross=1;pullback=0;rejoin=0;continuation=0
2026-01-09T09:00:00.000000000Z,2026-01-12T01:11:00.000000000Z,LONG,21000.00,9450.00,0.66850,0.67043,TP1,TP1,19.30,8.68,18.2385,-21.40,61.0785,63,cross=1;pullback=0;rejoin=0;continuation=0
2026-01-09T09:00:00.000000000Z,2026-01-12T01:11:00.000000000Z,LONG,21000.00,11550.00,0.66850,0.67093,RUNNER,RUNNER_STOP,24.30,13.36,28.0665,-21.40,89.1450,63,cross=1;pullback=0;rejoin=0;continuation=0
2026-01-12T01:45:00.000000000Z,2026-01-12T01:45:00.000000000Z,SHORT,21000.00,0.00,0.66977,0.66977,ENTRY,ENTRY,0.00,0.00,0.0000,0.00,89.1450,0,cross=1;pullback=0;rejoin=0;continuation=0
2026-01-12T01:45:00.000000000Z,2026-01-12T05:00:00.000000000Z,SHORT,21000.00,21000.00,0.66977,0.66973,EXIT,FLIP,0.40,0.40,0.8400,-3.70,89.9850,13,cross=1;pullback=0;rejoin=0;continuation=0
2026-01-12T05:00:00.000000000Z,2026-01-12T05:00:00.000000000Z,LONG,21000.00,0.00,0.66973,0.66973,ENTRY,FLIP_ENTRY,0.00,0.00,0.0000,0.00,89.9850,0,cross=1;pullback=0;rejoin=0;continuation=0
2026-01-12T05:00:00.000000000Z,2026-01-12T08:15:00.000000000Z,LONG,21000.00,21000.00,0.66973,0.67034,EXIT,FLIP,6.10,6.10,12.8100,-1.50,102.7950,13,cross=1;pullback=0;rejoin=0;continuation=0
2026-01-12T08:15:00.000000000Z,2026-01-12T08:15:00.000000000Z,SHORT,21000.00,0.00,0.67034,0.67034,ENTRY,FLIP_ENTRY,0.00,0.00,0.0000,0.00,102.7950,0,cross=0;pullback=1;rejoin=0;continuation=0
2026-01-12T08:15:00.000000000Z,2026-01-13T15:18:00.000000000Z,SHORT,21000.00,9450.00,0.67034,0.66841,TP1,TP1,19.30,8.68,18.2385,-24.10,121.0335,123,cross=0;pullback=1;rejoin=0;continuation=0
2026-01-12T08:15:00.000000000Z,2026-01-13T15:18:00.000000000Z,SHORT,21000.00,11550.00,0.67034,0.66791,RUNNER,RUNNER_STOP,24.30,13.36,28.0665,-24.10,149.1000,123,cross=0;pullback=1;rejoin=0;continuation=0
2026-01-13T17:00:00.000000000Z,2026-01-13T17:00:00.000000000Z,LONG,21000.00,0.00,0.66839,0.66839,ENTRY,ENTRY,0.00,0.00,0.0000,0.00,149.1000,0,cross=1;pullback=0;rejoin=0;continuation=0
2026-01-13T17:00:00.000000000Z,2026-01-13T20:15:00.000000000Z,LONG,21000.00,21000.00,0.66839,0.66795,EXIT,FLIP,-4.40,-4.40,-9.2400,-6.30,139.8600,13,cross=1;pullback=0;rejoin=0;continuation=0
2026-01-13T20:15:00.000000000Z,2026-01-13T20:15:00.000000000Z,SHORT,21000.00,0.00,0.66795,0.66795,ENTRY,FLIP_ENTRY,0.00,0.00,0.0000,0.00,139.8600,0,cross=0;pullback=1;rejoin=1;continuation=0
2026-01-13T20:15:00.000000000Z,2026-01-13T21:15:00.000000000Z,SHORT,21000.00,21000.00,0.66795,0.66825,EXIT,FLIP,-3.00,-3.00,-6.3000,-4.10,133.5600,4,cross=0;pullback=1;rejoin=1;continuation=0
2026-01-13T21:15:00.000000000Z,2026-01-13T21:15:00.000000000Z,LONG,21000.00,0.00,0.66825,0.66825,ENTRY,FLIP_ENTRY,0.00,0.00,0.0000,0.00,133.5600,0,cross=0;pullback=1;rejoin=1;continuation=0
2026-01-13T21:15:00.000000000Z,2026-01-13T23:30:00.000000000Z,LONG,21000.00,21000.00,0.66825,0.66834,EXIT,FLIP,0.90,0.90,1.8900,-2.00,135.4500,9,cross=0;pullback=1;rejoin=1;continuation=0
2026-01-13T23:30:00.000000000Z,2026-01-13T23:30:00.000000000Z,SHORT,21000.00,0.00,0.66834,0.66834,ENTRY,FLIP_ENTRY,0.00,0.00,0.0000,0.00,135.4500,0,cross=1;pullback=0;rejoin=0;continuation=0
2026-01-13T23:30:00.000000000Z,2026-01-14T01:45:00.000000000Z,SHORT,21000.00,21000.00,0.66834,0.66831,EXIT,FLIP,0.30,0.30,0.6300,-1.50,136.0800,9,cross=1;pullback=0;rejoin=0;continuation=0
2026-01-14T01:45:00.000000000Z,2026-01-14T01:45:00.000000000Z,LONG,21000.00,0.00,0.66831,0.66831,ENTRY,FLIP_ENTRY,0.00,0.00,0.0000,0.00,136.0800,0,cross=1;pullback=0;rejoin=0;continuation=0
2026-01-14T01:45:00.000000000Z,2026-01-14T04:30:00.000000000Z,LONG,21000.00,21000.00,0.66831,0.66968,EXIT,FLIP,13.70,13.70,28.7700,-0.90,164.8500,11,cross=1;pullback=0;rejoin=0;continuation=0
2026-01-14T04:30:00.000000000Z,2026-01-14T04:30:00.000000000Z,SHORT,21000.00,0.00,0.66968,0.66968,ENTRY,FLIP_ENTRY,0.00,0.00,0.0000,0.00,164.8500,0,cross=0;pullback=1;rejoin=0;continuation=0
2026-01-14T04:30:00.000000000Z,2026-01-14T09:00:00.000000000Z,SHORT,21000.00,21000.00,0.66968,0.66981,EXIT,FLIP,-1.30,-1.30,-2.7300,-5.60,162.1200,18,cross=0;pullback=1;rejoin=0;continuation=0
2026-01-14T09:00:00.000000000Z,2026-01-14T09:00:00.000000000Z,LONG,21000.00,0.00,0.66981,0.66981,ENTRY,FLIP_ENTRY,0.00,0.00,0.0000,0.00,162.1200,0,cross=1;pullback=0;rejoin=0;continuation=0
2026-01-14T09:00:00.000000000Z,2026-01-14T15:30:00.000000000Z,LONG,21000.00,21000.00,0.66981,0.66795,EXIT,FLIP,-18.60,-18.60,-39.0600,-22.50,123.0600,26,cross=1;pullback=0;rejoin=0;continuation=0
2026-01-14T15:30:00.000000000Z,2026-01-14T15:30:00.000000000Z,SHORT,21000.00,0.00,0.66795,0.66795,ENTRY,FLIP_ENTRY,0.00,0.00,0.0000,0.00,123.0600,0,cross=1;pullback=0;rejoin=0;continuation=0
2026-01-14T15:30:00.000000000Z,2026-01-14T18:45:00.000000000Z,SHORT,21000.00,21000.00,0.66795,0.66792,EXIT,FLIP,0.30,0.30,0.6300,-9.20,123.6900,13,cross=1;pullback=0;rejoin=0;continuation=0
2026-01-14T18:45:00.000000000Z,2026-01-14T18:45:00.000000000Z,LONG,21000.00,0.00,0.66792,0.66792,ENTRY,FLIP_ENTRY,0.00,0.00,0.0000,0.00,123.6900,0,cross=1;pullback=1;rejoin=1;continuation=0
2026-01-14T18:45:00.000000000Z,2026-01-14T21:45:00.000000000Z,LONG,21000.00,21000.00,0.66792,0.66822,EXIT,FLIP,3.00,3.00,6.3000,-2.10,129.9900,12,cross=1;pullback=1;rejoin=1;continuation=0
2026-01-14T21:45:00.000000000Z,2026-01-14T21:45:00.000000000Z,SHORT,21000.00,0.00,0.66822,0.66822,ENTRY,FLIP_ENTRY,0.00,0.00,0.0000,0.00,129.9900,0,cross=1;pullback=1;rejoin=1;continuation=0
2026-01-14T21:45:00.000000000Z,2026-01-15T04:30:00.000000000Z,SHORT,21000.00,21000.00,0.66822,0.66761,EXIT,FLIP,6.10,6.10,12.8100,-4.00,142.8000,27,cross=1;pullback=1;rejoin=1;continuation=0
2026-01-15T04:30:00.000000000Z,2026-01-15T04:30:00.000000000Z,LONG,21000.00,0.00,0.66761,0.66761,ENTRY,FLIP_ENTRY,0.00,0.00,0.0000,0.00,142.8000,0,cross=1;pullback=1;rejoin=1;continuation=0
2026-01-15T04:30:00.000000000Z,2026-01-15T09:15:00.000000000Z,LONG,21000.00,9450.00,0.66761,0.66954,TP1,TP1,19.30,8.68,18.2385,-3.70,161.0385,18,cross=1;pullback=1;rejoin=1;continuation=0
2026-01-15T04:30:00.000000000Z,2026-01-15T09:15:00.000000000Z,LONG,21000.00,11550.00,0.66761,0.67004,RUNNER,RUNNER_STOP,24.30,13.36,28.0665,-3.70,189.1050,18,cross=1;pullback=1;rejoin=1;continuation=0
2026-01-15T14:00:00.000000000Z,2026-01-15T14:00:00.000000000Z,LONG,21000.00,0.00,0.66847,0.66847,ENTRY,ENTRY,0.00,0.00,0.0000,0.00,189.1050,0,cross=0;pullback=1;rejoin=0;continuation=0
2026-01-15T14:00:00.000000000Z,2026-01-15T16:16:00.000000000Z,LONG,21000.00,9450.00,0.66847,0.67040,TP1,TP1,19.30,8.68,18.2385,-7.30,207.3435,8,cross=0;pullback=1;rejoin=0;continuation=0
2026-01-15T14:00:00.000000000Z,2026-01-15T16:16:00.000000000Z,LONG,21000.00,11550.00,0.66847,0.67090,RUNNER,RUNNER_STOP,24.30,13.36,28.0665,-7.30,235.4100,8,cross=0;pullback=1;rejoin=0;continuation=0
2026-01-15T17:45:00.000000000Z,2026-01-15T17:45:00.000000000Z,SHORT,21000.00,0.00,0.67040,0.67040,ENTRY,ENTRY,0.00,0.00,0.0000,0.00,235.4100,0,cross=0;pullback=1;rejoin=0;continuation=0
2026-01-15T17:45:00.000000000Z,2026-01-15T21:15:00.000000000Z,SHORT,21000.00,21000.00,0.67040,0.67007,EXIT,FLIP,3.30,3.30,6.9300,-4.80,242.3400,14,cross=0;pullback=1;rejoin=0;continuation=0
2026-01-15T21:15:00.000000000Z,2026-01-15T21:15:00.000000000Z,LONG,21000.00,0.00,0.67007,0.67007,ENTRY,FLIP_ENTRY,0.00,0.00,0.0000,0.00,242.3400,0,cross=1;pullback=0;rejoin=0;continuation=0
2026-01-15T21:15:00.000000000Z,2026-01-16T01:45:00.000000000Z,LONG,21000.00,21000.00,0.67007,0.66969,EXIT,FLIP,-3.80,-3.80,-7.9800,-3.60,234.3600,18,cross=1;pullback=0;rejoin=0;continuation=0
2026-01-16T01:45:00.000000000Z,2026-01-16T01:45:00.000000000Z,SHORT,21000.00,0.00,0.66969,0.66969,ENTRY,FLIP_ENTRY,0.00,0.00,0.0000,0.00,234.3600,0,cross=1;pullback=1;rejoin=1;continuation=0
2026-01-16T01:45:00.000000000Z,2026-01-16T02:30:00.000000000Z,SHORT,21000.00,21000.00,0.66969,0.67025,EXIT,FLIP,-5.60,-5.60,-11.7600,-5.90,222.6000,3,cross=1;pullback=1;rejoin=1;continuation=0
2026-01-16T02:30:00.000000000Z,2026-01-16T02:30:00.000000000Z,LONG,21000.00,0.00,0.67025,0.67025,ENTRY,FLIP_ENTRY,0.00,0.00,0.0000,0.00,222.6000,0,cross=1;pullback=0;rejoin=0;continuation=0
2026-01-16T02:30:00.000000000Z,2026-01-16T05:00:00.000000000Z,LONG,21000.00,21000.00,0.67025,0.67015,EXIT,FLIP,-1.00,-1.00,-2.1000,-3.90,220.5000,10,cross=1;pullback=0;rejoin=0;continuation=0
2026-01-16T05:00:00.000000000Z,2026-01-16T05:00:00.000000000Z,SHORT,21000.00,0.00,0.67015,0.67015,ENTRY,FLIP_ENTRY,0.00,0.00,0.0000,0.00,220.5000,0,cross=1;pullback=1;rejoin=1;continuation=0
2026-01-16T05:00:00.000000000Z,2026-01-16T08:00:00.000000000Z,SHORT,21000.00,21000.00,0.67015,0.67021,EXIT,FLIP,-0.60,-0.60,-1.2600,-3.50,219.2400,12,cross=1;pullback=1;rejoin=1;continuation=0
2026-01-16T08:00:00.000000000Z,2026-01-16T08:00:00.000000000Z,LONG,21000.00,0.00,0.67021,0.67021,ENTRY,FLIP_ENTRY,0.00,0.00,0.0000,0.00,219.2400,0,cross=0;pullback=1;rejoin=1;continuation=0
2026-01-16T08:00:00.000000000Z,2026-01-16T11:30:00.000000000Z,LONG,21000.00,21000.00,0.67021,0.67055,EXIT,FLIP,3.40,3.40,7.1400,-1.10,226.3800,14,cross=0;pullback=1;rejoin=1;continuation=0
2026-01-16T11:30:00.000000000Z,2026-01-16T11:30:00.000000000Z,SHORT,21000.00,0.00,0.67055,0.67055,ENTRY,FLIP_ENTRY,0.00,0.00,0.0000,0.00,226.3800,0,cross=0;pullback=1;rejoin=0;continuation=0
2026-01-16T11:30:00.000000000Z,2026-01-16T15:24:00.000000000Z,SHORT,21000.00,9450.00,0.67055,0.66862,TP1,TP1,19.30,8.68,18.2385,-2.00,244.6185,14,cross=0;pullback=1;rejoin=0;continuation=0
2026-01-16T11:30:00.000000000Z,2026-01-16T15:24:00.000000000Z,SHORT,21000.00,11550.00,0.67055,0.66812,RUNNER,RUNNER_STOP,24.30,13.36,28.0665,-2.00,272.6850,14,cross=0;pullback=1;rejoin=0;continuation=0
2026-01-16T21:00:00.000000000Z,2026-01-16T21:00:00.000000000Z,SHORT,21000.00,0.00,0.66823,0.66823,ENTRY,ENTRY,0.00,0.00,0.0000,0.00,272.6850,0,cross=1;pullback=1;rejoin=1;continuation=0
2026-01-16T21:00:00.000000000Z,2026-01-18T23:00:00.000000000Z,SHORT,21000.00,21000.00,0.66823,0.66812,EXIT,FLIP,1.10,1.10,2.3100,-1.90,274.9950,8,cross=1;pullback=1;rejoin=1;continuation=0
2026-01-18T23:00:00.000000000Z,2026-01-18T23:00:00.000000000Z,LONG,21000.00,0.00,0.66812,0.66812,ENTRY,FLIP_ENTRY,0.00,0.00,0.0000,0.00,274.9950,0,cross=1;pullback=1;rejoin=1;continuation=0
2026-01-18T23:00:00.000000000Z,2026-01-19T01:30:00.000000000Z,LONG,21000.00,21000.00,0.66812,0.66832,EXIT,FLIP,2.00,2.00,4.2000,-4.60,279.1950,10,cross=1;pullback=1;rejoin=1;continuation=0
2026-01-19T01:30:00.000000000Z,2026-01-19T01:30:00.000000000Z,SHORT,21000.00,0.00,0.66832,0.66832,ENTRY,FLIP_ENTRY,0.00,0.00,0.0000,0.00,279.1950,0,cross=1;pullback=0;rejoin=0;continuation=0
2026-01-19T01:30:00.000000000Z,2026-01-19T14:52:00.000000000Z,SHORT,21000.00,21000.00,0.66832,0.67119,EXIT,SL,-28.70,-28.70,-60.2700,-27.70,218.9250,52,cross=1;pullback=0;rejoin=0;continuation=0
2026-01-19T15:45:00.000000000Z,2026-01-19T15:45:00.000000000Z,LONG,21000.00,0.00,0.67121,0.67121,ENTRY,ENTRY,0.00,0.00,0.0000,0.00,218.9250,0,cross=0;pullback=1;rejoin=1;continuation=0
2026-01-19T15:45:00.000000000Z,2026-01-19T17:15:00.000000000Z,LONG,21000.00,21000.00,0.67121,0.67133,EXIT,FLIP,1.20,1.20,2.5200,-2.10,221.4450,6,cross=0;pullback=1;rejoin=1;continuation=0
2026-01-19T17:15:00.000000000Z,2026-01-19T17:15:00.000000000Z,SHORT,21000.00,0.00,0.67133,0.67133,ENTRY,FLIP_ENTRY,0.00,0.00,0.0000,0.00,221.4450,0,cross=0;pullback=1;rejoin=0;continuation=0
2026-01-19T17:15:00.000000000Z,2026-01-19T20:15:00.000000000Z,SHORT,21000.00,21000.00,0.67133,0.67153,EXIT,FLIP,-2.00,-2.00,-4.2000,-4.10,217.2450,12,cross=0;pullback=1;rejoin=0;continuation=0
2026-01-19T20:15:00.000000000Z,2026-01-19T20:15:00.000000000Z,LONG,21000.00,0.00,0.67153,0.67153,ENTRY,FLIP_ENTRY,0.00,0.00,0.0000,0.00,217.2450,0,cross=1;pullback=1;rejoin=1;continuation=0
2026-01-19T20:15:00.000000000Z,2026-01-20T04:50:00.000000000Z,LONG,21000.00,9450.00,0.67153,0.67346,TP1,TP1,19.30,8.68,18.2385,-8.50,235.4835,33,cross=1;pullback=1;rejoin=1;continuation=0
2026-01-19T20:15:00.000000000Z,2026-01-20T04:50:00.000000000Z,LONG,21000.00,11550.00,0.67153,0.67396,RUNNER,RUNNER_STOP,24.30,13.36,28.0665,-8.50,263.5500,33,cross=1;pullback=1;rejoin=1;continuation=0
2026-01-20T05:45:00.000000000Z,2026-01-20T05:45:00.000000000Z,SHORT,21000.00,0.00,0.67353,0.67353,ENTRY,ENTRY,0.00,0.00,0.0000,0.00,263.5500,0,cross=0;pullback=1;rejoin=0;continuation=0
2026-01-20T05:45:00.000000000Z,2026-01-20T10:30:00.000000000Z,SHORT,21000.00,21000.00,0.67353,0.67325,EXIT,FLIP,2.80,2.80,5.8800,-12.10,269.4300,19,cross=0;pullback=1;rejoin=0;continuation=0
2026-01-20T10:30:00.000000000Z,2026-01-20T10:30:00.000000000Z,LONG,21000.00,0.00,0.67325,0.67325,ENTRY,FLIP_ENTRY,0.00,0.00,0.0000,0.00,269.4300,0,cross=1;pullback=0;rejoin=0;continuation=0
2026-01-20T10:30:00.000000000Z,2026-01-20T17:30:00.000000000Z,LONG,21000.00,21000.00,0.67325,0.67405,EXIT,FLIP,8.00,8.00,16.8000,-7.20,286.2300,28,cross=1;pullback=0;rejoin=0;continuation=0
2026-01-20T17:30:00.000000000Z,2026-01-20T17:30:00.000000000Z,SHORT,21000.00,0.00,0.67405,0.67405,ENTRY,FLIP_ENTRY,0.00,0.00,0.0000,0.00,286.2300,0,cross=1;pullback=1;rejoin=1;continuation=0
2026-01-20T17:30:00.000000000Z,2026-01-20T20:30:00.000000000Z,SHORT,21000.00,21000.00,0.67405,0.67349,EXIT,FLIP,5.60,5.60,11.7600,-2.30,297.9900,12,cross=1;pullback=1;rejoin=1;continuation=0
2026-01-20T20:30:00.000000000Z,2026-01-20T20:30:00.000000000Z,LONG,21000.00,0.00,0.67349,0.67349,ENTRY,FLIP_ENTRY,0.00,0.00,0.0000,0.00,297.9900,0,cross=1;pullback=1;rejoin=1;continuation=0
2026-01-20T20:30:00.000000000Z,2026-01-20T22:45:00.000000000Z,LONG,21000.00,21000.00,0.67349,0.67331,EXIT,FLIP,-1.80,-1.80,-3.7800,-3.10,294.2100,9,cross=1;pullback=1;rejoin=1;continuation=0
2026-01-20T22:45:00.000000000Z,2026-01-20T22:45:00.000000000Z,SHORT,21000.00,0.00,0.67331,0.67331,ENTRY,FLIP_ENTRY,0.00,0.00,0.0000,0.00,294.2100,0,cross=0;pullback=1;rejoin=1;continuation=0
2026-01-20T22:45:00.000000000Z,2026-01-21T01:00:00.000000000Z,SHORT,21000.00,21000.00,0.67331,0.67351,EXIT,FLIP,-2.00,-2.00,-4.2000,-2.10,290.0100,9,cross=0;pullback=1;rejoin=1;continuation=0
2026-01-21T01:00:00.000000000Z,2026-01-21T01:00:00.000000000Z,LONG,21000.00,0.00,0.67351,0.67351,ENTRY,FLIP_ENTRY,0.00,0.00,0.0000,0.00,290.0100,0,cross=1;pullback=0;rejoin=0;continuation=0
2026-01-21T01:00:00.000000000Z,2026-01-21T02:30:00.000000000Z,LONG,21000.00,21000.00,0.67351,0.67363,EXIT,FLIP,1.20,1.20,2.5200,-3.00,292.5300,6,cross=1;pullback=0;rejoin=0;continuation=0
2026-01-21T02:30:00.000000000Z,2026-01-21T02:30:00.000000000Z,SHORT,21000.00,0.00,0.67363,0.67363,ENTRY,FLIP_ENTRY,0.00,0.00,0.0000,0.00,292.5300,0,cross=1;pullback=0;rejoin=0;continuation=0
2026-01-21T02:30:00.000000000Z,2026-01-21T04:45:00.000000000Z,SHORT,21000.00,21000.00,0.67363,0.67329,EXIT,FLIP,3.40,3.40,7.1400,-1.60,299.6700,9,cross=1;pullback=0;rejoin=0;continuation=0
2026-01-21T04:45:00.000000000Z,2026-01-21T04:45:00.000000000Z,LONG,21000.00,0.00,0.67329,0.67329,ENTRY,FLIP_ENTRY,0.00,0.00,0.0000,0.00,299.6700,0,cross=1;pullback=0;rejoin=0;continuation=0
2026-01-21T04:45:00.000000000Z,2026-01-21T07:23:00.000000000Z,LONG,21000.00,9450.00,0.67329,0.67522,TP1,TP1,19.30,8.68,18.2385,-1.60,317.9085,9,cross=1;pullback=0;rejoin=0;continuation=0
2026-01-21T04:45:00.000000000Z,2026-01-21T07:23:00.000000000Z,LONG,21000.00,11550.00,0.67329,0.67572,RUNNER,RUNNER_STOP,24.30,13.36,28.0665,-1.60,345.9750,9,cross=1;pullback=0;rejoin=0;continuation=0
2026-01-21T11:15:00.000000000Z,2026-01-21T11:15:00.000000000Z,LONG,21000.00,0.00,0.67516,0.67516,ENTRY,ENTRY,0.00,0.00,0.0000,0.00,345.9750,0,cross=1;pullback=0;rejoin=0;continuation=0
2026-01-21T11:15:00.000000000Z,2026-01-21T13:54:00.000000000Z,LONG,21000.00,9450.00,0.67516,0.67709,TP1,TP1,19.30,8.68,18.2385,-3.00,364.2135,9,cross=1;pullback=0;rejoin=0;continuation=0
2026-01-21T11:15:00.000000000Z,2026-01-21T13:54:00.000000000Z,LONG,21000.00,11550.00,0.67516,0.67759,RUNNER,RUNNER_STOP,24.30,13.36,28.0665,-3.00,392.2800,9,cross=1;pullback=0;rejoin=0;continuation=0
2026-01-21T14:00:00.000000000Z,2026-01-21T14:00:00.000000000Z,SHORT,21000.00,0.00,0.67673,0.67673,ENTRY,ENTRY,0.00,0.00,0.0000,0.00,392.2800,0,cross=0;pullback=1;rejoin=0;continuation=0
2026-01-21T14:00:00.000000000Z,2026-01-21T17:45:00.000000000Z,SHORT,21000.00,21000.00,0.67673,0.67601,EXIT,FLIP,7.20,7.20,15.1200,-10.90,407.4000,15,cross=0;pullback=1;rejoin=0;continuation=0
2026-01-21T17:45:00.000000000Z,2026-01-21T17:45:00.000000000Z,LONG,21000.00,0.00,0.67601,0.67601,ENTRY,FLIP_ENTRY,0.00,0.00,0.0000,0.00,407.4000,0,cross=0;pullback=1;rejoin=0;continuation=0
2026-01-21T17:45:00.000000000Z,2026-01-22T00:30:00.000000000Z,LONG,21000.00,9450.00,0.67601,0.67794,TP1,TP1,19.30,8.68,18.2385,-6.10,425.6385,26,cross=0;pullback=1;rejoin=0;continuation=0
2026-01-21T17:45:00.000000000Z,2026-01-22T00:30:00.000000000Z,LONG,21000.00,11550.00,0.67601,0.67844,RUNNER,RUNNER_STOP,24.30,13.36,28.0665,-6.10,453.7050,26,cross=0;pullback=1;rejoin=0;continuation=0
2026-01-22T02:15:00.000000000Z,2026-01-22T02:15:00.000000000Z,SHORT,21000.00,0.00,0.67913,0.67913,ENTRY,ENTRY,0.00,0.00,0.0000,0.00,453.7050,0,cross=0;pullback=1;rejoin=0;continuation=0
2026-01-22T02:15:00.000000000Z,2026-01-22T06:45:00.000000000Z,SHORT,21000.00,21000.00,0.67913,0.68071,EXIT,FLIP,-15.80,-15.80,-33.1800,-19.50,420.5250,18,cross=0;pullback=1;rejoin=0;continuation=0
2026-01-22T06:45:00.000000000Z,2026-01-22T06:45:00.000000000Z,LONG,21000.00,0.00,0.68071,0.68071,ENTRY,FLIP_ENTRY,0.00,0.00,0.0000,0.00,420.5250,0,cross=1;pullback=0;rejoin=0;continuation=0
2026-01-22T06:45:00.000000000Z,2026-01-22T16:07:00.000000000Z,LONG,21000.00,9450.00,0.68071,0.68264,TP1,TP1,19.30,8.68,18.2385,-11.30,438.7635,36,cross=1;pullback=0;rejoin=0;continuation=0
2026-01-22T06:45:00.000000000Z,2026-01-22T16:07:00.000000000Z,LONG,21000.00,11550.00,0.68071,0.68314,RUNNER,RUNNER_STOP,24.30,13.36,28.0665,-11.30,466.8300,36,cross=1;pullback=0;rejoin=0;continuation=0
2026-01-22T19:15:00.000000000Z,2026-01-22T19:15:00.000000000Z,SHORT,21000.00,0.00,0.68414,0.68414,ENTRY,ENTRY,0.00,0.00,0.0000,0.00,466.8300,0,cross=0;pullback=1;rejoin=0;continuation=0
2026-01-22T19:15:00.000000000Z,2026-01-23T00:00:00.000000000Z,SHORT,21000.00,21000.00,0.68414,0.68410,EXIT,FLIP,0.40,0.40,0.8400,-1.80,467.6700,19,cross=0;pullback=1;rejoin=0;continuation=0
2026-01-23T00:00:00.000000000Z,2026-01-23T00:00:00.000000000Z,LONG,21000.00,0.00,0.68410,0.68410,ENTRY,FLIP_ENTRY,0.00,0.00,0.0000,0.00,467.6700,0,cross=1;pullback=0;rejoin=0;continuation=0
2026-01-23T00:00:00.000000000Z,2026-01-23T02:00:00.000000000Z,LONG,21000.00,21000.00,0.68410,0.68421,EXIT,FLIP,1.10,1.10,2.3100,-0.80,469.9800,8,cross=1;pullback=0;rejoin=0;continuation=0
2026-01-23T02:00:00.000000000Z,2026-01-23T02:00:00.000000000Z,SHORT,21000.00,0.00,0.68421,0.68421,ENTRY,FLIP_ENTRY,0.00,0.00,0.0000,0.00,469.9800,0,cross=1;pullback=0;rejoin=0;continuation=0
2026-01-23T02:00:00.000000000Z,2026-01-23T03:45:00.000000000Z,SHORT,21000.00,21000.00,0.68421,0.68437,EXIT,FLIP,-1.60,-1.60,-3.3600,-2.40,466.6200,7,cross=1;pullback=0;rejoin=0;continuation=0
2026-01-23T03:45:00.000000000Z,2026-01-23T03:45:00.000000000Z,LONG,21000.00,0.00,0.68437,0.68437,ENTRY,FLIP_ENTRY,0.00,0.00,0.0000,0.00,466.6200,0,cross=1;pullback=0;rejoin=0;continuation=0
2026-01-23T03:45:00.000000000Z,2026-01-23T07:15:00.000000000Z,LONG,21000.00,21000.00,0.68437,0.68461,EXIT,FLIP,2.40,2.40,5.0400,-4.30,471.6600,14,cross=1;pullback=0;rejoin=0;continuation=0
2026-01-23T07:15:00.000000000Z,2026-01-23T07:15:00.000000000Z,SHORT,21000.00,0.00,0.68461,0.68461,ENTRY,FLIP_ENTRY,0.00,0.00,0.0000,0.00,471.6600,0,cross=1;pullback=0;rejoin=0;continuation=0
2026-01-23T07:15:00.000000000Z,2026-01-23T10:45:00.000000000Z,SHORT,21000.00,21000.00,0.68461,0.68467,EXIT,FLIP,-0.60,-0.60,-1.2600,-5.60,470.4000,14,cross=1;pullback=0;rejoin=0;continuation=0
2026-01-23T10:45:00.000000000Z,2026-01-23T10:45:00.000000000Z,LONG,21000.00,0.00,0.68467,0.68467,ENTRY,FLIP_ENTRY,0.00,0.00,0.0000,0.00,470.4000,0,cross=1;pullback=0;rejoin=0;continuation=0
2026-01-23T10:45:00.000000000Z,2026-01-23T13:07:00.000000000Z,LONG,21000.00,9450.00,0.68467,0.68660,TP1,TP1,19.30,8.68,18.2385,-2.10,488.6385,8,cross=1;pullback=0;rejoin=0;continuation=0
2026-01-23T10:45:00.000000000Z,2026-01-23T13:07:00.000000000Z,LONG,21000.00,11550.00,0.68467,0.68710,RUNNER,RUNNER_STOP,24.30,13.36,28.0665,-2.10,516.7050,8,cross=1;pullback=0;rejoin=0;continuation=0
2026-01-23T13:45:00.000000000Z,2026-01-23T13:45:00.000000000Z,SHORT,21000.00,0.00,0.68493,0.68493,ENTRY,ENTRY,0.00,0.00,0.0000,0.00,516.7050,0,cross=1;pullback=0;rejoin=0;continuation=0
2026-01-23T13:45:00.000000000Z,2026-01-23T16:35:00.000000000Z,SHORT,21000.00,21000.00,0.68493,0.68780,EXIT,SL,-28.70,-28.70,-60.2700,-28.90,456.4350,10,cross=1;pullback=0;rejoin=0;continuation=0
2026-01-23T18:00:00.000000000Z,2026-01-23T18:00:00.000000000Z,SHORT,21000.00,0.00,0.68737,0.68737,ENTRY,ENTRY,0.00,0.00,0.0000,0.00,456.4350,0,cross=1;pullback=0;rejoin=0;continuation=0
2026-01-23T18:00:00.000000000Z,2026-01-25T22:04:00.000000000Z,SHORT,21000.00,21000.00,0.68737,0.69024,EXIT,SL,-28.70,-28.70,-60.2700,-49.70,396.1650,15,cross=1;pullback=0;rejoin=0;continuation=0
2026-01-25T23:30:00.000000000Z,2026-01-25T23:30:00.000000000Z,SHORT,21000.00,0.00,0.69105,0.69105,ENTRY,ENTRY,0.00,0.00,0.0000,0.00,396.1650,0,cross=1;pullback=0;rejoin=0;continuation=0
2026-01-25T23:30:00.000000000Z,2026-01-26T01:30:00.000000000Z,SHORT,21000.00,21000.00,0.69105,0.69230,EXIT,FLIP,-12.50,-12.50,-26.2500,-15.50,369.9150,8,cross=1;pullback=0;rejoin=0;continuation=0
2026-01-26T01:30:00.000000000Z,2026-01-26T01:30:00.000000000Z,LONG,21000.00,0.00,0.69230,0.69230,ENTRY,FLIP_ENTRY,0.00,0.00,0.0000,0.00,369.9150,0,cross=0;pullback=1;rejoin=1;continuation=0
2026-01-26T01:30:00.000000000Z,2026-01-27T12:23:00.000000000Z,LONG,21000.00,9450.00,0.69230,0.69423,TP1,TP1,19.30,8.68,18.2385,-21.40,388.1535,138,cross=0;pullback=1;rejoin=1;continuation=0
2026-01-26T01:30:00.000000000Z,2026-01-27T12:23:00.000000000Z,LONG,21000.00,11550.00,0.69230,0.69473,RUNNER,RUNNER_STOP,24.30,13.36,28.0665,-21.40,416.2200,138,cross=0;pullback=1;rejoin=1;continuation=0
2026-01-27T13:15:00.000000000Z,2026-01-27T13:15:00.000000000Z,SHORT,21000.00,0.00,0.69404,0.69404,ENTRY,ENTRY,0.00,0.00,0.0000,0.00,416.2200,0,cross=0;pullback=1;rejoin=0;continuation=0
2026-01-27T13:15:00.000000000Z,2026-01-27T15:10:00.000000000Z,SHORT,21000.00,21000.00,0.69404,0.69691,EXIT,SL,-28.70,-28.70,-60.2700,-27.60,355.9500,6,cross=0;pullback=1;rejoin=0;continuation=0
2026-01-27T17:15:00.000000000Z,2026-01-27T17:15:00.000000000Z,SHORT,21000.00,0.00,0.69710,0.69710,ENTRY,ENTRY,0.00,0.00,0.0000,0.00,355.9500,0,cross=1;pullback=0;rejoin=0;continuation=0
2026-01-27T17:15:00.000000000Z,2026-01-27T20:48:00.000000000Z,SHORT,21000.00,21000.00,0.69710,0.69997,EXIT,SL,-28.70,-28.70,-60.2700,-42.40,295.6800,13,cross=1;pullback=0;rejoin=0;continuation=0
2026-01-27T22:30:00.000000000Z,2026-01-27T22:30:00.000000000Z,SHORT,21000.00,0.00,0.70093,0.70093,ENTRY,ENTRY,0.00,0.00,0.0000,0.00,295.6800,0,cross=0;pullback=1;rejoin=0;continuation=0
2026-01-27T22:30:00.000000000Z,2026-01-28T01:24:00.000000000Z,SHORT,21000.00,9450.00,0.70093,0.69900,TP1,TP1,19.30,8.68,18.2385,-13.40,313.9185,10,cross=0;pullback=1;rejoin=0;continuation=0
2026-01-27T22:30:00.000000000Z,2026-01-28T01:24:00.000000000Z,SHORT,21000.00,11550.00,0.70093,0.69850,RUNNER,RUNNER_STOP,24.30,13.36,28.0665,-13.40,341.9850,10,cross=0;pullback=1;rejoin=0;continuation=0
2026-01-28T02:15:00.000000000Z,2026-01-28T02:15:00.000000000Z,LONG,21000.00,0.00,0.69903,0.69903,ENTRY,ENTRY,0.00,0.00,0.0000,0.00,341.9850,0,cross=0;pullback=1;rejoin=0;continuation=0
2026-01-28T02:15:00.000000000Z,2026-01-28T06:35:00.000000000Z,LONG,21000.00,9450.00,0.69903,0.70096,TP1,TP1,19.30,8.68,18.2385,-5.20,360.2235,16,cross=0;pullback=1;rejoin=0;continuation=0
2026-01-28T02:15:00.000000000Z,2026-01-28T06:35:00.000000000Z,LONG,21000.00,11550.00,0.69903,0.70146,RUNNER,RUNNER_STOP,24.30,13.36,28.0665,-5.20,388.2900,16,cross=0;pullback=1;rejoin=0;continuation=0
2026-01-28T06:45:00.000000000Z,2026-01-28T06:45:00.000000000Z,SHORT,21000.00,0.00,0.69991,0.69991,ENTRY,ENTRY,0.00,0.00,0.0000,0.00,388.2900,0,cross=1;pullback=0;rejoin=0;continuation=0
2026-01-28T06:45:00.000000000Z,2026-01-28T12:15:00.000000000Z,SHORT,21000.00,21000.00,0.69991,0.70065,EXIT,FLIP,-7.40,-7.40,-15.5400,-20.90,372.7500,22,cross=1;pullback=0;rejoin=0;continuation=0
2026-01-28T12:15:00.000000000Z,2026-01-28T12:15:00.000000000Z,LONG,21000.00,0.00,0.70065,0.70065,ENTRY,FLIP_ENTRY,0.00,0.00,0.0000,0.00,372.7500,0,cross=1;pullback=1;rejoin=1;continuation=0
2026-01-28T12:15:00.000000000Z,2026-01-28T15:14:00.000000000Z,LONG,21000.00,21000.00,0.70065,0.69778,EXIT,SL,-28.70,-28.70,-60.2700,-27.40,312.4800,10,cross=1;pullback=1;rejoin=1;continuation=0
2026-01-28T15:15:00.000000000Z,2026-01-28T15:15:00.000000000Z,LONG,21000.00,0.00,0.69932,0.69932,ENTRY,ENTRY,0.00,0.00,0.0000,0.00,312.4800,0,cross=0;pullback=1;rejoin=0;continuation=0
2026-01-28T15:15:00.000000000Z,2026-01-28T19:15:00.000000000Z,LONG,21000.00,21000.00,0.69932,0.69877,EXIT,FLIP,-5.50,-5.50,-11.5500,-14.20,300.9300,16,cross=0;pullback=1;rejoin=0;continuation=0
2026-01-28T19:15:00.000000000Z,2026-01-28T19:15:00.000000000Z,SHORT,21000.00,0.00,0.69877,0.69877,ENTRY,FLIP_ENTRY,0.00,0.00,0.0000,0.00,300.9300,0,cross=0;pullback=1;rejoin=1;continuation=0
2026-01-28T19:15:00.000000000Z,2026-01-28T20:03:00.000000000Z,SHORT,21000.00,21000.00,0.69877,0.70164,EXIT,SL,-28.70,-28.70,-60.2700,-28.30,240.6600,2,cross=0;pullback=1;rejoin=1;continuation=0
2026-01-29T02:15:00.000000000Z,2026-01-29T02:15:00.000000000Z,LONG,21000.00,0.00,0.70407,0.70407,ENTRY,ENTRY,0.00,0.00,0.0000,0.00,240.6600,0,cross=1;pullback=0;rejoin=0;continuation=0
2026-01-29T02:15:00.000000000Z,2026-01-29T03:11:00.000000000Z,LONG,21000.00,9450.00,0.70407,0.70600,TP1,TP1,19.30,8.68,18.2385,-4.70,258.8985,2,cross=1;pullback=0;rejoin=0;continuation=0
2026-01-29T02:15:00.000000000Z,2026-01-29T03:11:00.000000000Z,LONG,21000.00,11550.00,0.70407,0.70650,RUNNER,RUNNER_STOP,24.30,13.36,28.0665,-4.70,286.9650,2,cross=1;pullback=0;rejoin=0;continuation=0
2026-01-29T06:00:00.000000000Z,2026-01-29T06:00:00.000000000Z,SHORT,21000.00,0.00,0.70803,0.70803,ENTRY,ENTRY,0.00,0.00,0.0000,0.00,286.9650,0,cross=1;pullback=0;rejoin=0;continuation=0
2026-01-29T06:00:00.000000000Z,2026-01-29T08:48:00.000000000Z,SHORT,21000.00,9450.00,0.70803,0.70610,TP1,TP1,19.30,8.68,18.2385,-8.50,305.2035,10,cross=1;pullback=0;rejoin=0;continuation=0
2026-01-29T06:00:00.000000000Z,2026-01-29T08:48:00.000000000Z,SHORT,21000.00,11550.00,0.70803,0.70560,RUNNER,RUNNER_STOP,24.30,13.36,28.0665,-8.50,333.2700,10,cross=1;pullback=0;rejoin=0;continuation=0
2026-01-29T12:00:00.000000000Z,2026-01-29T12:00:00.000000000Z,LONG,21000.00,0.00,0.70446,0.70446,ENTRY,ENTRY,0.00,0.00,0.0000,0.00,333.2700,0,cross=1;pullback=0;rejoin=0;continuation=0
2026-01-29T12:00:00.000000000Z,2026-01-29T13:05:00.000000000Z,LONG,21000.00,9450.00,0.70446,0.70639,TP1,TP1,19.30,8.68,18.2385,-1.60,351.5085,3,cross=1;pullback=0;rejoin=0;continuation=0
2026-01-29T12:00:00.000000000Z,2026-01-29T13:05:00.000000000Z,LONG,21000.00,11550.00,0.70446,0.70689,RUNNER,RUNNER_STOP,24.30,13.36,28.0665,-1.60,379.5750,3,cross=1;pullback=0;rejoin=0;continuation=0
2026-01-29T14:45:00.000000000Z,2026-01-29T14:45:00.000000000Z,SHORT,21000.00,0.00,0.70595,0.70595,ENTRY,ENTRY,0.00,0.00,0.0000,0.00,379.5750,0,cross=1;pullback=1;rejoin=1;continuation=0
2026-01-29T14:45:00.000000000Z,2026-01-29T15:04:00.000000000Z,SHORT,21000.00,9450.00,0.70595,0.70402,TP1,TP1,19.30,8.68,18.2385,-2.00,397.8135,0,cross=1;pullback=1;rejoin=1;continuation=0
2026-01-29T14:45:00.000000000Z,2026-01-29T15:04:00.000000000Z,SHORT,21000.00,11550.00,0.70595,0.70352,RUNNER,RUNNER_STOP,24.30,13.36,28.0665,-2.00,425.8800,0,cross=1;pullback=1;rejoin=1;continuation=0
2026-01-29T16:30:00.000000000Z,2026-01-29T16:30:00.000000000Z,LONG,21000.00,0.00,0.70108,0.70108,ENTRY,ENTRY,0.00,0.00,0.0000,0.00,425.8800,0,cross=1;pullback=0;rejoin=0;continuation=0
2026-01-29T16:30:00.000000000Z,2026-01-29T17:23:00.000000000Z,LONG,21000.00,9450.00,0.70108,0.70301,TP1,TP1,19.30,8.68,18.2385,-4.00,444.1185,2,cross=1;pullback=0;rejoin=0;continuation=0
2026-01-29T16:30:00.000000000Z,2026-01-29T17:23:00.000000000Z,LONG,21000.00,11550.00,0.70108,0.70351,RUNNER,RUNNER_STOP,24.30,13.36,28.0665,-4.00,472.1850,2,cross=1;pullback=0;rejoin=0;continuation=0
2026-01-29T22:45:00.000000000Z,2026-01-29T22:45:00.000000000Z,SHORT,21000.00,0.00,0.70497,0.70497,ENTRY,ENTRY,0.00,0.00,0.0000,0.00,472.1850,0,cross=0;pullback=1;rejoin=0;continuation=0
2026-01-29T22:45:00.000000000Z,2026-01-30T00:44:00.000000000Z,SHORT,21000.00,9450.00,0.70497,0.70304,TP1,TP1,19.30,8.68,18.2385,-5.70,490.4235,6,cross=0;pullback=1;rejoin=0;continuation=0
2026-01-29T22:45:00.000000000Z,2026-01-30T00:44:00.000000000Z,SHORT,21000.00,11550.00,0.70497,0.70254,RUNNER,RUNNER_STOP,24.30,13.36,28.0665,-5.70,518.4900,6,cross=0;pullback=1;rejoin=0;continuation=0
2026-01-30T02:45:00.000000000Z,2026-01-30T02:45:00.000000000Z,LONG,21000.00,0.00,0.70055,0.70055,ENTRY,ENTRY,0.00,0.00,0.0000,0.00,518.4900,0,cross=0;pullback=1;rejoin=0;continuation=0
2026-01-30T02:45:00.000000000Z,2026-01-30T09:15:00.000000000Z,LONG,21000.00,21000.00,0.70055,0.69889,EXIT,FLIP,-16.60,-16.60,-34.8600,-23.50,483.6300,26,cross=0;pullback=1;rejoin=0;continuation=0
2026-01-30T09:15:00.000000000Z,2026-01-30T09:15:00.000000000Z,SHORT,21000.00,0.00,0.69889,0.69889,ENTRY,FLIP_ENTRY,0.00,0.00,0.0000,0.00,483.6300,0,cross=1;pullback=0;rejoin=0;continuation=0
2026-01-30T09:15:00.000000000Z,2026-01-30T09:55:00.000000000Z,SHORT,21000.00,9450.00,0.69889,0.69696,TP1,TP1,19.30,8.68,18.2385,-6.20,501.8685,1,cross=1;pullback=0;rejoin=0;continuation=0
2026-01-30T09:15:00.000000000Z,2026-01-30T09:55:00.000000000Z,SHORT,21000.00,11550.00,0.69889,0.69646,RUNNER,RUNNER_STOP,24.30,13.36,28.0665,-6.20,529.9350,1,cross=1;pullback=0;rejoin=0;continuation=0
2026-01-30T12:30:00.000000000Z,2026-01-30T12:30:00.000000000Z,SHORT,21000.00,0.00,0.70097,0.70097,ENTRY,ENTRY,0.00,0.00,0.0000,0.00,529.9350,0,cross=1;pullback=0;rejoin=0;continuation=0
2026-01-30T12:30:00.000000000Z,2026-01-30T13:51:00.000000000Z,SHORT,21000.00,9450.00,0.70097,0.69904,TP1,TP1,19.30,8.68,18.2385,-10.00,548.1735,4,cross=1;pullback=0;rejoin=0;continuation=0
2026-01-30T12:30:00.000000000Z,2026-01-30T13:51:00.000000000Z,SHORT,21000.00,11550.00,0.70097,0.69854,RUNNER,RUNNER_STOP,24.30,13.36,28.0665,-10.00,576.2400,4,cross=1;pullback=0;rejoin=0;continuation=0
2026-01-30T15:30:00.000000000Z,2026-01-30T15:30:00.000000000Z,LONG,21000.00,0.00,0.70241,0.70241,ENTRY,ENTRY,0.00,0.00,0.0000,0.00,576.2400,0,cross=1;pullback=1;rejoin=1;continuation=0
2026-01-30T15:30:00.000000000Z,2026-01-30T16:03:00.000000000Z,LONG,21000.00,21000.00,0.70241,0.69954,EXIT,SL,-28.70,-28.70,-60.2700,-28.30,515.9700,1,cross=1;pullback=1;rejoin=1;continuation=0
2026-01-30T18:45:00.000000000Z,2026-01-30T18:45:00.000000000Z,LONG,21000.00,0.00,0.69789,0.69789,ENTRY,ENTRY,0.00,0.00,0.0000,0.00,515.9700,0,cross=1;pullback=1;rejoin=1;continuation=0
2026-01-30T18:45:00.000000000Z,2026-01-30T21:45:00.000000000Z,LONG,21000.00,21000.00,0.69789,0.69623,EXIT,FLIP,-16.60,-16.60,-34.8600,-17.90,481.1100,12,cross=1;pullback=1;rejoin=1;continuation=0
2026-01-30T21:45:00.000000000Z,2026-01-30T21:45:00.000000000Z,SHORT,21000.00,0.00,0.69623,0.69623,ENTRY,FLIP_ENTRY,0.00,0.00,0.0000,0.00,481.1100,0,cross=0;pullback=1;rejoin=1;continuation=0
2026-01-30T21:45:00.000000000Z,2026-02-01T22:59:00.000000000Z,SHORT,21000.00,9450.00,0.69623,0.69430,TP1,TP1,19.30,8.68,18.2385,0.00,499.3485,3,cross=0;pullback=1;rejoin=1;continuation=0
2026-01-30T21:45:00.000000000Z,2026-02-01T22:59:00.000000000Z,SHORT,21000.00,11550.00,0.69623,0.69380,RUNNER,RUNNER_STOP,24.30,13.36,28.0665,0.00,527.4150,3,cross=0;pullback=1;rejoin=1;continuation=0
2026-02-01T23:30:00.000000000Z,2026-02-01T23:30:00.000000000Z,LONG,21000.00,0.00,0.69503,0.69503,ENTRY,ENTRY,0.00,0.00,0.0000,0.00,527.4150,0,cross=1;pullback=1;rejoin=1;continuation=0
2026-02-01T23:30:00.000000000Z,2026-02-02T02:15:00.000000000Z,LONG,21000.00,21000.00,0.69503,0.69575,EXIT,FLIP,7.20,7.20,15.1200,-8.90,542.5350,11,cross=1;pullback=1;rejoin=1;continuation=0
2026-02-02T02:15:00.000000000Z,2026-02-02T02:15:00.000000000Z,SHORT,21000.00,0.00,0.69575,0.69575,ENTRY,FLIP_ENTRY,0.00,0.00,0.0000,0.00,542.5350,0,cross=1;pullback=0;rejoin=0;continuation=0
2026-02-02T02:15:00.000000000Z,2026-02-02T04:01:00.000000000Z,SHORT,21000.00,9450.00,0.69575,0.69382,TP1,TP1,19.30,8.68,18.2385,-9.10,560.7735,6,cross=1;pullback=0;rejoin=0;continuation=0
2026-02-02T02:15:00.000000000Z,2026-02-02T04:01:00.000000000Z,SHORT,21000.00,11550.00,0.69575,0.69332,RUNNER,RUNNER_STOP,24.30,13.36,28.0665,-9.10,588.8400,6,cross=1;pullback=0;rejoin=0;continuation=0
2026-02-02T06:45:00.000000000Z,2026-02-02T06:45:00.000000000Z,LONG,21000.00,0.00,0.69241,0.69241,ENTRY,ENTRY,0.00,0.00,0.0000,0.00,588.8400,0,cross=0;pullback=1;rejoin=0;continuation=0
2026-02-02T06:45:00.000000000Z,2026-02-02T07:55:00.000000000Z,LONG,21000.00,9450.00,0.69241,0.69434,TP1,TP1,19.30,8.68,18.2385,-1.50,607.0785,3,cross=0;pullback=1;rejoin=0;continuation=0
2026-02-02T06:45:00.000000000Z,2026-02-02T07:55:00.000000000Z,LONG,21000.00,11550.00,0.69241,0.69484,RUNNER,RUNNER_STOP,24.30,13.36,28.0665,-1.50,635.1450,3,cross=0;pullback=1;rejoin=0;continuation=0
2026-02-02T10:30:00.000000000Z,2026-02-02T10:30:00.000000000Z,SHORT,21000.00,0.00,0.69496,0.69496,ENTRY,ENTRY,0.00,0.00,0.0000,0.00,635.1450,0,cross=1;pullback=0;rejoin=0;continuation=0
2026-02-02T10:30:00.000000000Z,2026-02-02T14:30:00.000000000Z,SHORT,21000.00,21000.00,0.69496,0.69621,EXIT,FLIP,-12.50,-12.50,-26.2500,-21.10,608.8950,16,cross=1;pullback=0;rejoin=0;continuation=0
2026-02-02T14:30:00.000000000Z,2026-02-02T14:30:00.000000000Z,LONG,21000.00,0.00,0.69621,0.69621,ENTRY,FLIP_ENTRY,0.00,0.00,0.0000,0.00,608.8950,0,cross=1;pullback=1;rejoin=1;continuation=0
2026-02-02T14:30:00.000000000Z,2026-02-03T03:30:00.000000000Z,LONG,21000.00,9450.00,0.69621,0.69814,TP1,TP1,19.30,8.68,18.2385,-26.40,627.1335,51,cross=1;pullback=1;rejoin=1;continuation=0
2026-02-02T14:30:00.000000000Z,2026-02-03T03:30:00.000000000Z,LONG,21000.00,11550.00,0.69621,0.69864,RUNNER,RUNNER_STOP,24.30,13.36,28.0665,-26.40,655.2000,51,cross=1;pullback=1;rejoin=1;continuation=0
2026-02-03T05:00:00.000000000Z,2026-02-03T05:00:00.000000000Z,SHORT,21000.00,0.00,0.70049,0.70049,ENTRY,ENTRY,0.00,0.00,0.0000,0.00,655.2000,0,cross=1;pullback=0;rejoin=0;continuation=0
2026-02-03T05:00:00.000000000Z,2026-02-03T07:32:00.000000000Z,SHORT,21000.00,21000.00,0.70049,0.70336,EXIT,SL,-28.70,-28.70,-60.2700,-30.60,594.9300,9,cross=1;pullback=0;rejoin=0;continuation=0
2026-02-03T08:45:00.000000000Z,2026-02-03T08:45:00.000000000Z,SHORT,21000.00,0.00,0.70293,0.70293,ENTRY,ENTRY,0.00,0.00,0.0000,0.00,594.9300,0,cross=1;pullback=0;rejoin=0;continuation=0
2026-02-03T08:45:00.000000000Z,2026-02-03T09:25:00.000000000Z,SHORT,21000.00,9450.00,0.70293,0.70100,TP1,TP1,19.30,8.68,18.2385,-3.00,613.1685,1,cross=1;pullback=0;rejoin=0;continuation=0
2026-02-03T08:45:00.000000000Z,2026-02-03T09:25:00.000000000Z,SHORT,21000.00,11550.00,0.70293,0.70050,RUNNER,RUNNER_STOP,24.30,13.36,28.0665,-3.00,641.2350,1,cross=1;pullback=0;rejoin=0;continuation=0
2026-02-03T12:00:00.000000000Z,2026-02-03T12:00:00.000000000Z,LONG,21000.00,0.00,0.70059,0.70059,ENTRY,ENTRY,0.00,0.00,0.0000,0.00,641.2350,0,cross=0;pullback=1;rejoin=0;continuation=0
2026-02-03T12:00:00.000000000Z,2026-02-03T17:15:00.000000000Z,LONG,21000.00,21000.00,0.70059,0.70141,EXIT,FLIP,8.20,8.20,17.2200,-25.10,658.4550,21,cross=0;pullback=1;rejoin=0;continuation=0
2026-02-03T17:15:00.000000000Z,2026-02-03T17:15:00.000000000Z,SHORT,21000.00,0.00,0.70141,0.70141,ENTRY,FLIP_ENTRY,0.00,0.00,0.0000,0.00,658.4550,0,cross=1;pullback=0;rejoin=0;continuation=0
2026-02-03T17:15:00.000000000Z,2026-02-03T19:05:00.000000000Z,SHORT,21000.00,9450.00,0.70141,0.69948,TP1,TP1,19.30,8.68,18.2385,-5.20,676.6935,6,cross=1;pullback=0;rejoin=0;continuation=0
2026-02-03T17:15:00.000000000Z,2026-02-03T19:05:00.000000000Z,SHORT,21000.00,11550.00,0.70141,0.69898,RUNNER,RUNNER_STOP,24.30,13.36,28.0665,-5.20,704.7600,6,cross=1;pullback=0;rejoin=0;continuation=0
2026-02-03T22:00:00.000000000Z,2026-02-03T22:00:00.000000000Z,SHORT,21000.00,0.00,0.70181,0.70181,ENTRY,ENTRY,0.00,0.00,0.0000,0.00,704.7600,0,cross=1;pullback=0;rejoin=0;continuation=0
2026-02-03T22:00:00.000000000Z,2026-02-04T01:00:00.000000000Z,SHORT,21000.00,21000.00,0.70181,0.70259,EXIT,FLIP,-7.80,-7.80,-16.3800,-7.70,688.3800,12,cross=1;pullback=0;rejoin=0;continuation=0
2026-02-04T01:00:00.000000000Z,2026-02-04T01:00:00.000000000Z,LONG,21000.00,0.00,0.70259,0.70259,ENTRY,FLIP_ENTRY,0.00,0.00,0.0000,0.00,688.3800,0,cross=1;pullback=1;rejoin=1;continuation=0
2026-02-04T01:00:00.000000000Z,2026-02-04T02:15:00.000000000Z,LONG,21000.00,21000.00,0.70259,0.70221,EXIT,FLIP,-3.80,-3.80,-7.9800,-4.90,680.4000,5,cross=1;pullback=1;rejoin=1;continuation=0
2026-02-04T02:15:00.000000000Z,2026-02-04T02:15:00.000000000Z,SHORT,21000.00,0.00,0.70221,0.70221,ENTRY,FLIP_ENTRY,0.00,0.00,0.0000,0.00,680.4000,0,cross=1;pullback=0;rejoin=0;continuation=0
2026-02-04T02:15:00.000000000Z,2026-02-04T04:00:00.000000000Z,SHORT,21000.00,21000.00,0.70221,0.70241,EXIT,FLIP,-2.00,-2.00,-4.2000,-3.30,676.2000,7,cross=1;pullback=0;rejoin=0;continuation=0
2026-02-04T04:00:00.000000000Z,2026-02-04T04:00:00.000000000Z,LONG,21000.00,0.00,0.70241,0.70241,ENTRY,FLIP_ENTRY,0.00,0.00,0.0000,0.00,676.2000,0,cross=1;pullback=0;rejoin=0;continuation=0
2026-02-04T04:00:00.000000000Z,2026-02-04T07:15:00.000000000Z,LONG,21000.00,21000.00,0.70241,0.70279,EXIT,FLIP,3.80,3.80,7.9800,-4.90,684.1800,13,cross=1;pullback=0;rejoin=0;continuation=0
2026-02-04T07:15:00.000000000Z,2026-02-04T07:15:00.000000000Z,SHORT,21000.00,0.00,0.70279,0.70279,ENTRY,FLIP_ENTRY,0.00,0.00,0.0000,0.00,684.1800,0,cross=1;pullback=1;rejoin=1;continuation=0
2026-02-04T07:15:00.000000000Z,2026-02-04T11:45:00.000000000Z,SHORT,21000.00,21000.00,0.70279,0.70219,EXIT,FLIP,6.00,6.00,12.6000,-15.20,696.7800,18,cross=1;pullback=1;rejoin=1;continuation=0
2026-02-04T11:45:00.000000000Z,2026-02-04T11:45:00.000000000Z,LONG,21000.00,0.00,0.70219,0.70219,ENTRY,FLIP_ENTRY,0.00,0.00,0.0000,0.00,696.7800,0,cross=1;pullback=0;rejoin=0;continuation=0
2026-02-04T11:45:00.000000000Z,2026-02-04T14:30:00.000000000Z,LONG,21000.00,21000.00,0.70219,0.70209,EXIT,FLIP,-1.00,-1.00,-2.1000,-5.30,694.6800,11,cross=1;pullback=0;rejoin=0;continuation=0
2026-02-04T14:30:00.000000000Z,2026-02-04T14:30:00.000000000Z,SHORT,21000.00,0.00,0.70209,0.70209,ENTRY,FLIP_ENTRY,0.00,0.00,0.0000,0.00,694.6800,0,cross=0;pullback=1;rejoin=1;continuation=0
2026-02-04T14:30:00.000000000Z,2026-02-04T15:34:00.000000000Z,SHORT,21000.00,9450.00,0.70209,0.70016,TP1,TP1,19.30,8.68,18.2385,-4.70,712.9185,3,cross=0;pullback=1;rejoin=1;continuation=0
2026-02-04T14:30:00.000000000Z,2026-02-04T15:34:00.000000000Z,SHORT,21000.00,11550.00,0.70209,0.69966,RUNNER,RUNNER_STOP,24.30,13.36,28.0665,-4.70,740.9850,3,cross=0;pullback=1;rejoin=1;continuation=0
2026-02-04T17:00:00.000000000Z,2026-02-04T17:00:00.000000000Z,LONG,21000.00,0.00,0.70023,0.70023,ENTRY,ENTRY,0.00,0.00,0.0000,0.00,740.9850,0,cross=1;pullback=0;rejoin=0;continuation=0
2026-02-04T17:00:00.000000000Z,2026-02-04T17:40:00.000000000Z,LONG,21000.00,21000.00,0.70023,0.69736,EXIT,SL,-28.70,-28.70,-60.2700,-29.90,680.7150,1,cross=1;pullback=0;rejoin=0;continuation=0
2026-02-04T22:00:00.000000000Z,2026-02-04T22:00:00.000000000Z,SHORT,21000.00,0.00,0.69959,0.69959,ENTRY,ENTRY,0.00,0.00,0.0000,0.00,680.7150,0,cross=1;pullback=0;rejoin=0;continuation=0
2026-02-04T22:00:00.000000000Z,2026-02-05T02:15:00.000000000Z,SHORT,21000.00,9450.00,0.69959,0.69766,TP1,TP1,19.30,8.68,18.2385,-11.50,698.9535,16,cross=1;pullback=0;rejoin=0;continuation=0
2026-02-04T22:00:00.000000000Z,2026-02-05T02:15:00.000000000Z,SHORT,21000.00,11550.00,0.69959,0.69716,RUNNER,RUNNER_STOP,24.30,13.36,28.0665,-11.50,727.0200,16,cross=1;pullback=0;rejoin=0;continuation=0
2026-02-05T07:30:00.000000000Z,2026-02-05T07:30:00.000000000Z,SHORT,21000.00,0.00,0.69744,0.69744,ENTRY,ENTRY,0.00,0.00,0.0000,0.00,727.0200,0,cross=0;pullback=1;rejoin=0;continuation=0
2026-02-05T07:30:00.000000000Z,2026-02-05T14:30:00.000000000Z,SHORT,21000.00,21000.00,0.69744,0.69787,EXIT,FLIP,-4.30,-4.30,-9.0300,-16.40,717.9900,28,cross=0;pullback=1;rejoin=0;continuation=0
2026-02-05T14:30:00.000000000Z,2026-02-05T14:30:00.000000000Z,LONG,21000.00,0.00,0.69787,0.69787,ENTRY,FLIP_ENTRY,0.00,0.00,0.0000,0.00,717.9900,0,cross=1;pullback=1;rejoin=1;continuation=0
2026-02-05T14:30:00.000000000Z,2026-02-05T15:26:00.000000000Z,LONG,21000.00,21000.00,0.69787,0.69500,EXIT,SL,-28.70,-28.70,-60.2700,-29.70,657.7200,2,cross=1;pullback=1;rejoin=1;continuation=0
2026-02-05T16:15:00.000000000Z,2026-02-05T16:15:00.000000000Z,LONG,21000.00,0.00,0.69671,0.69671,ENTRY,ENTRY,0.00,0.00,0.0000,0.00,657.7200,0,cross=1;pullback=1;rejoin=1;continuation=0
2026-02-05T16:15:00.000000000Z,2026-02-05T21:07:00.000000000Z,LONG,21000.00,21000.00,0.69671,0.69384,EXIT,SL,-28.70,-28.70,-60.2700,-27.90,597.4500,18,cross=1;pullback=1;rejoin=1;continuation=0
2026-02-06T00:30:00.000000000Z,2026-02-06T00:30:00.000000000Z,LONG,21000.00,0.00,0.69202,0.69202,ENTRY,ENTRY,0.00,0.00,0.0000,0.00,597.4500,0,cross=1;pullback=0;rejoin=0;continuation=0
2026-02-06T00:30:00.000000000Z,2026-02-06T02:01:00.000000000Z,LONG,21000.00,9450.00,0.69202,0.69395,TP1,TP1,19.30,8.68,18.2385,-9.50,615.6885,5,cross=1;pullback=0;rejoin=0;continuation=0
2026-02-06T00:30:00.000000000Z,2026-02-06T02:01:00.000000000Z,LONG,21000.00,11550.00,0.69202,0.69445,RUNNER,RUNNER_STOP,24.30,13.36,28.0665,-9.50,643.7550,5,cross=1;pullback=0;rejoin=0;continuation=0
2026-02-06T02:45:00.000000000Z,2026-02-06T02:45:00.000000000Z,SHORT,21000.00,0.00,0.69371,0.69371,ENTRY,ENTRY,0.00,0.00,0.0000,0.00,643.7550,0,cross=0;pullback=1;rejoin=0;continuation=0
2026-02-06T02:45:00.000000000Z,2026-02-06T08:20:00.000000000Z,SHORT,21000.00,21000.00,0.69371,0.69658,EXIT,SL,-28.70,-28.70,-60.2700,-28.70,583.4850,21,cross=0;pullback=1;rejoin=0;continuation=0
2026-02-06T12:15:00.000000000Z,2026-02-06T12:15:00.000000000Z,LONG,21000.00,0.00,0.69841,0.69841,ENTRY,ENTRY,0.00,0.00,0.0000,0.00,583.4850,0,cross=0;pullback=1;rejoin=1;continuation=0
2026-02-06T12:15:00.000000000Z,2026-02-06T14:33:00.000000000Z,LONG,21000.00,9450.00,0.69841,0.70034,TP1,TP1,19.30,8.68,18.2385,-2.90,601.7235,8,cross=0;pullback=1;rejoin=1;continuation=0
2026-02-06T12:15:00.000000000Z,2026-02-06T14:33:00.000000000Z,LONG,21000.00,11550.00,0.69841,0.70084,RUNNER,RUNNER_STOP,24.30,13.36,28.0665,-2.90,629.7900,8,cross=0;pullback=1;rejoin=1;continuation=0
2026-02-06T15:45:00.000000000Z,2026-02-06T15:45:00.000000000Z,SHORT,21000.00,0.00,0.70054,0.70054,ENTRY,ENTRY,0.00,0.00,0.0000,0.00,629.7900,0,cross=0;pullback=1;rejoin=0;continuation=0
2026-02-06T15:45:00.000000000Z,2026-02-06T18:30:00.000000000Z,SHORT,21000.00,21000.00,0.70054,0.70223,EXIT,FLIP,-16.90,-16.90,-35.4900,-19.60,594.3000,11,cross=0;pullback=1;rejoin=0;continuation=0
2026-02-06T18:30:00.000000000Z,2026-02-06T18:30:00.000000000Z,LONG,21000.00,0.00,0.70223,0.70223,ENTRY,FLIP_ENTRY,0.00,0.00,0.0000,0.00,594.3000,0,cross=0;pullback=1;rejoin=1;continuation=0
2026-02-06T18:30:00.000000000Z,2026-02-06T21:45:00.000000000Z,LONG,21000.00,21000.00,0.70223,0.70126,EXIT,FLIP,-9.70,-9.70,-20.3700,-9.10,573.9300,13,cross=0;pullback=1;rejoin=1;continuation=0
2026-02-06T21:45:00.000000000Z,2026-02-06T21:45:00.000000000Z,SHORT,21000.00,0.00,0.70126,0.70126,ENTRY,FLIP_ENTRY,0.00,0.00,0.0000,0.00,573.9300,0,cross=1;pullback=0;rejoin=0;continuation=0
2026-02-06T21:45:00.000000000Z,2026-02-08T23:00:00.000000000Z,SHORT,21000.00,21000.00,0.70126,0.70267,EXIT,FLIP,-14.10,-14.10,-29.6100,-16.40,544.3200,5,cross=1;pullback=0;rejoin=0;continuation=0
2026-02-08T23:00:00.000000000Z,2026-02-08T23:00:00.000000000Z,LONG,21000.00,0.00,0.70267,0.70267,ENTRY,FLIP_ENTRY,0.00,0.00,0.0000,0.00,544.3200,0,cross=1;pullback=1;rejoin=1;continuation=0
2026-02-08T23:00:00.000000000Z,2026-02-09T00:30:00.000000000Z,LONG,21000.00,21000.00,0.70267,0.70263,EXIT,FLIP,-0.40,-0.40,-0.8400,-2.50,543.4800,6,cross=1;pullback=1;rejoin=1;continuation=0
2026-02-09T00:30:00.000000000Z,2026-02-09T00:30:00.000000000Z,SHORT,21000.00,0.00,0.70263,0.70263,ENTRY,FLIP_ENTRY,0.00,0.00,0.0000,0.00,543.4800,0,cross=1;pullback=1;rejoin=1;continuation=0
2026-02-09T00:30:00.000000000Z,2026-02-09T03:00:00.000000000Z,SHORT,21000.00,21000.00,0.70263,0.70289,EXIT,FLIP,-2.60,-2.60,-5.4600,-7.20,538.0200,10,cross=1;pullback=1;rejoin=1;continuation=0
2026-02-09T03:00:00.000000000Z,2026-02-09T03:00:00.000000000Z,LONG,21000.00,0.00,0.70289,0.70289,ENTRY,FLIP_ENTRY,0.00,0.00,0.0000,0.00,538.0200,0,cross=0;pullback=1;rejoin=1;continuation=0
2026-02-09T03:00:00.000000000Z,2026-02-09T03:45:00.000000000Z,LONG,21000.00,21000.00,0.70289,0.70213,EXIT,FLIP,-7.60,-7.60,-15.9600,-7.80,522.0600,3,cross=0;pullback=1;rejoin=1;continuation=0
2026-02-09T03:45:00.000000000Z,2026-02-09T03:45:00.000000000Z,SHORT,21000.00,0.00,0.70213,0.70213,ENTRY,FLIP_ENTRY,0.00,0.00,0.0000,0.00,522.0600,0,cross=1;pullback=0;rejoin=0;continuation=0
2026-02-09T03:45:00.000000000Z,2026-02-09T05:00:00.000000000Z,SHORT,21000.00,21000.00,0.70213,0.70267,EXIT,FLIP,-5.40,-5.40,-11.3400,-6.90,510.7200,5,cross=1;pullback=0;rejoin=0;continuation=0
2026-02-09T05:00:00.000000000Z,2026-02-09T05:00:00.000000000Z,LONG,21000.00,0.00,0.70267,0.70267,ENTRY,FLIP_ENTRY,0.00,0.00,0.0000,0.00,510.7200,0,cross=1;pullback=0;rejoin=0;continuation=0
2026-02-09T05:00:00.000000000Z,2026-02-09T07:15:00.000000000Z,LONG,21000.00,21000.00,0.70267,0.70321,EXIT,FLIP,5.40,5.40,11.3400,-3.10,522.0600,9,cross=1;pullback=0;rejoin=0;continuation=0
2026-02-09T07:15:00.000000000Z,2026-02-09T07:15:00.000000000Z,SHORT,21000.00,0.00,0.70321,0.70321,ENTRY,FLIP_ENTRY,0.00,0.00,0.0000,0.00,522.0600,0,cross=1;pullback=1;rejoin=1;continuation=0
2026-02-09T07:15:00.000000000Z,2026-02-09T11:30:00.000000000Z,SHORT,21000.00,21000.00,0.70321,0.70323,EXIT,FLIP,-0.20,-0.20,-0.4200,-13.30,521.6400,17,cross=1;pullback=1;rejoin=1;continuation=0
2026-02-09T11:30:00.000000000Z,2026-02-09T11:30:00.000000000Z,LONG,21000.00,0.00,0.70323,0.70323,ENTRY,FLIP_ENTRY,0.00,0.00,0.0000,0.00,521.6400,0,cross=1;pullback=0;rejoin=0;continuation=0
2026-02-09T11:30:00.000000000Z,2026-02-09T13:05:00.000000000Z,LONG,21000.00,9450.00,0.70323,0.70516,TP1,TP1,19.30,8.68,18.2385,-2.30,539.8785,5,cross=1;pullback=0;rejoin=0;continuation=0
2026-02-09T11:30:00.000000000Z,2026-02-09T13:05:00.000000000Z,LONG,21000.00,11550.00,0.70323,0.70566,RUNNER,RUNNER_STOP,24.30,13.36,28.0665,-2.30,567.9450,5,cross=1;pullback=0;rejoin=0;continuation=0
2026-02-09T16:15:00.000000000Z,2026-02-09T16:15:00.000000000Z,SHORT,21000.00,0.00,0.70837,0.70837,ENTRY,ENTRY,0.00,0.00,0.0000,0.00,567.9450,0,cross=0;pullback=1;rejoin=0;continuation=0
2026-02-09T16:15:00.000000000Z,2026-02-09T21:45:00.000000000Z,SHORT,21000.00,21000.00,0.70837,0.70946,EXIT,FLIP,-10.90,-10.90,-22.8900,-15.20,545.0550,22,cross=0;pullback=1;rejoin=0;continuation=0
2026-02-09T21:45:00.000000000Z,2026-02-09T21:45:00.000000000Z,LONG,21000.00,0.00,0.70946,0.70946,ENTRY,FLIP_ENTRY,0.00,0.00,0.0000,0.00,545.0550,0,cross=1;pullback=0;rejoin=0;continuation=0
2026-02-09T21:45:00.000000000Z,2026-02-10T06:12:00.000000000Z,LONG,21000.00,21000.00,0.70946,0.70659,EXIT,SL,-28.70,-28.70,-60.2700,-28.00,484.7850,32,cross=1;pullback=0;rejoin=0;continuation=0
2026-02-10T06:45:00.000000000Z,2026-02-10T06:45:00.000000000Z,LONG,21000.00,0.00,0.70691,0.70691,ENTRY,ENTRY,0.00,0.00,0.0000,0.00,484.7850,0,cross=0;pullback=1;rejoin=0;continuation=0
2026-02-10T06:45:00.000000000Z,2026-02-10T09:45:00.000000000Z,LONG,21000.00,21000.00,0.70691,0.70735,EXIT,FLIP,4.40,4.40,9.2400,-4.50,494.0250,12,cross=0;pullback=1;rejoin=0;continuation=0
2026-02-10T09:45:00.000000000Z,2026-02-10T09:45:00.000000000Z,SHORT,21000.00,0.00,0.70735,0.70735,ENTRY,FLIP_ENTRY,0.00,0.00,0.0000,0.00,494.0250,0,cross=0;pullback=1;rejoin=0;continuation=0
2026-02-10T09:45:00.000000000Z,2026-02-10T13:45:00.000000000Z,SHORT,21000.00,21000.00,0.70735,0.70755,EXIT,FLIP,-2.00,-2.00,-4.2000,-6.10,489.8250,16,cross=0;pullback=1;rejoin=0;continuation=0
2026-02-10T13:45:00.000000000Z,2026-02-10T13:45:00.000000000Z,LONG,21000.00,0.00,0.70755,0.70755,ENTRY,FLIP_ENTRY,0.00,0.00,0.0000,0.00,489.8250,0,cross=1;pullback=0;rejoin=0;continuation=0
2026-02-10T13:45:00.000000000Z,2026-02-10T15:00:00.000000000Z,LONG,21000.00,21000.00,0.70755,0.70772,EXIT,FLIP,1.70,1.70,3.5700,-6.90,493.3950,5,cross=1;pullback=0;rejoin=0;continuation=0
2026-02-10T15:00:00.000000000Z,2026-02-10T15:00:00.000000000Z,SHORT,21000.00,0.00,0.70772,0.70772,ENTRY,FLIP_ENTRY,0.00,0.00,0.0000,0.00,493.3950,0,cross=1;pullback=1;rejoin=1;continuation=0
2026-02-10T15:00:00.000000000Z,2026-02-10T19:00:00.000000000Z,SHORT,21000.00,21000.00,0.70772,0.70729,EXIT,FLIP,4.30,4.30,9.0300,-11.40,502.4250,16,cross=1;pullback=1;rejoin=1;continuation=0
2026-02-10T19:00:00.000000000Z,2026-02-10T19:00:00.000000000Z,LONG,21000.00,0.00,0.70729,0.70729,ENTRY,FLIP_ENTRY,0.00,0.00,0.0000,0.00,502.4250,0,cross=1;pullback=0;rejoin=0;continuation=0
2026-02-10T19:00:00.000000000Z,2026-02-11T01:43:00.000000000Z,LONG,21000.00,9450.00,0.70729,0.70922,TP1,TP1,19.30,8.68,18.2385,-3.90,520.6635,25,cross=1;pullback=0;rejoin=0;continuation=0
2026-02-10T19:00:00.000000000Z,2026-02-11T01:43:00.000000000Z,LONG,21000.00,11550.00,0.70729,0.70972,RUNNER,RUNNER_STOP,24.30,13.36,28.0665,-3.90,548.7300,25,cross=1;pullback=0;rejoin=0;continuation=0
2026-02-11T07:45:00.000000000Z,2026-02-11T07:45:00.000000000Z,LONG,21000.00,0.00,0.71087,0.71087,ENTRY,ENTRY,0.00,0.00,0.0000,0.00,548.7300,0,cross=1;pullback=1;rejoin=1;continuation=0
2026-02-11T07:45:00.000000000Z,2026-02-11T11:30:00.000000000Z,LONG,21000.00,21000.00,0.71087,0.71136,EXIT,FLIP,4.90,4.90,10.2900,-10.10,559.0200,15,cross=1;pullback=1;rejoin=1;continuation=0
2026-02-11T11:30:00.000000000Z,2026-02-11T11:30:00.000000000Z,SHORT,21000.00,0.00,0.71136,0.71136,ENTRY,FLIP_ENTRY,0.00,0.00,0.0000,0.00,559.0200,0,cross=1;pullback=1;rejoin=1;continuation=0
2026-02-11T11:30:00.000000000Z,2026-02-11T13:30:00.000000000Z,SHORT,21000.00,9450.00,0.71136,0.70943,TP1,TP1,19.30,8.68,18.2385,-3.40,577.2585,7,cross=1;pullback=1;rejoin=1;continuation=0
2026-02-11T11:30:00.000000000Z,2026-02-11T13:30:00.000000000Z,SHORT,21000.00,11550.00,0.71136,0.70893,RUNNER,RUNNER_STOP,24.30,13.36,28.0665,-3.40,605.3250,7,cross=1;pullback=1;rejoin=1;continuation=0
2026-02-11T13:45:00.000000000Z,2026-02-11T13:45:00.000000000Z,LONG,21000.00,0.00,0.71157,0.71157,ENTRY,ENTRY,0.00,0.00,0.0000,0.00,605.3250,0,cross=1;pullback=1;rejoin=1;continuation=0
2026-02-11T13:45:00.000000000Z,2026-02-11T14:18:00.000000000Z,LONG,21000.00,9450.00,0.71157,0.71350,TP1,TP1,19.30,8.68,18.2385,-4.00,623.5635,1,cross=1;pullback=1;rejoin=1;continuation=0
2026-02-11T13:45:00.000000000Z,2026-02-11T14:18:00.000000000Z,LONG,21000.00,11550.00,0.71157,0.71400,RUNNER,RUNNER_STOP,24.30,13.36,28.0665,-4.00,651.6300,1,cross=1;pullback=1;rejoin=1;continuation=0
2026-02-11T18:45:00.000000000Z,2026-02-11T18:45:00.000000000Z,SHORT,21000.00,0.00,0.71329,0.71329,ENTRY,ENTRY,0.00,0.00,0.0000,0.00,651.6300,0,cross=0;pullback=1;rejoin=0;continuation=0
2026-02-11T18:45:00.000000000Z,2026-02-11T21:45:00.000000000Z,SHORT,21000.00,21000.00,0.71329,0.71281,EXIT,FLIP,4.80,4.80,10.0800,-5.60,661.7100,12,cross=0;pullback=1;rejoin=0;continuation=0
2026-02-11T21:45:00.000000000Z,2026-02-11T21:45:00.000000000Z,LONG,21000.00,0.00,0.71281,0.71281,ENTRY,FLIP_ENTRY,0.00,0.00,0.0000,0.00,661.7100,0,cross=1;pullback=1;rejoin=1;continuation=0
2026-02-11T21:45:00.000000000Z,2026-02-12T02:15:00.000000000Z,LONG,21000.00,21000.00,0.71281,0.71329,EXIT,FLIP,4.80,4.80,10.0800,-8.90,671.7900,18,cross=1;pullback=1;rejoin=1;continuation=0
2026-02-12T02:15:00.000000000Z,2026-02-12T02:15:00.000000000Z,SHORT,21000.00,0.00,0.71329,0.71329,ENTRY,FLIP_ENTRY,0.00,0.00,0.0000,0.00,671.7900,0,cross=1;pullback=0;rejoin=0;continuation=0
2026-02-12T02:15:00.000000000Z,2026-02-12T04:50:00.000000000Z,SHORT,21000.00,9450.00,0.71329,0.71136,TP1,TP1,19.30,8.68,18.2385,-7.70,690.0285,9,cross=1;pullback=0;rejoin=0;continuation=0
2026-02-12T02:15:00.000000000Z,2026-02-12T04:50:00.000000000Z,SHORT,21000.00,11550.00,0.71329,0.71086,RUNNER,RUNNER_STOP,24.30,13.36,28.0665,-7.70,718.0950,9,cross=1;pullback=0;rejoin=0;continuation=0
2026-02-12T05:30:00.000000000Z,2026-02-12T05:30:00.000000000Z,LONG,21000.00,0.00,0.71219,0.71219,ENTRY,ENTRY,0.00,0.00,0.0000,0.00,718.0950,0,cross=0;pullback=1;rejoin=0;continuation=0
2026-02-12T05:30:00.000000000Z,2026-02-12T12:15:00.000000000Z,LONG,21000.00,21000.00,0.71219,0.71269,EXIT,FLIP,5.00,5.00,10.5000,-16.90,728.5950,27,cross=0;pullback=1;rejoin=0;continuation=0
2026-02-12T12:15:00.000000000Z,2026-02-12T12:15:00.000000000Z,SHORT,21000.00,0.00,0.71269,0.71269,ENTRY,FLIP_ENTRY,0.00,0.00,0.0000,0.00,728.5950,0,cross=0;pullback=1;rejoin=0;continuation=0
2026-02-12T12:15:00.000000000Z,2026-02-12T16:13:00.000000000Z,SHORT,21000.00,9450.00,0.71269,0.71076,TP1,TP1,19.30,8.68,18.2385,-18.00,746.8335,14,cross=0;pullback=1;rejoin=0;continuation=0
2026-02-12T12:15:00.000000000Z,2026-02-12T16:13:00.000000000Z,SHORT,21000.00,11550.00,0.71269,0.71026,RUNNER,RUNNER_STOP,24.30,13.36,28.0665,-18.00,774.9000,14,cross=0;pullback=1;rejoin=0;continuation=0
2026-02-12T17:45:00.000000000Z,2026-02-12T17:45:00.000000000Z,SHORT,21000.00,0.00,0.70856,0.70856,ENTRY,ENTRY,0.00,0.00,0.0000,0.00,774.9000,0,cross=0;pullback=1;rejoin=1;continuation=0
2026-02-12T17:45:00.000000000Z,2026-02-12T18:30:00.000000000Z,SHORT,21000.00,21000.00,0.70856,0.70889,EXIT,FLIP,-3.30,-3.30,-6.9300,-6.10,767.9700,3,cross=0;pullback=1;rejoin=1;continuation=0
2026-02-12T18:30:00.000000000Z,2026-02-12T18:30:00.000000000Z,LONG,21000.00,0.00,0.70889,0.70889,ENTRY,FLIP_ENTRY,0.00,0.00,0.0000,0.00,767.9700,0,cross=0;pullback=1;rejoin=0;continuation=0
2026-02-12T18:30:00.000000000Z,2026-02-12T23:30:00.000000000Z,LONG,21000.00,21000.00,0.70889,0.70853,EXIT,FLIP,-3.60,-3.60,-7.5600,-4.50,760.4100,20,cross=0;pullback=1;rejoin=0;continuation=0
2026-02-12T23:30:00.000000000Z,2026-02-12T23:30:00.000000000Z,SHORT,21000.00,0.00,0.70853,0.70853,ENTRY,FLIP_ENTRY,0.00,0.00,0.0000,0.00,760.4100,0,cross=1;pullback=1;rejoin=1;continuation=0
2026-02-12T23:30:00.000000000Z,2026-02-13T02:45:00.000000000Z,SHORT,21000.00,21000.00,0.70853,0.70907,EXIT,FLIP,-5.40,-5.40,-11.3400,-12.10,749.0700,13,cross=1;pullback=1;rejoin=1;continuation=0
2026-02-13T02:45:00.000000000Z,2026-02-13T02:45:00.000000000Z,LONG,21000.00,0.00,0.70907,0.70907,ENTRY,FLIP_ENTRY,0.00,0.00,0.0000,0.00,749.0700,0,cross=1;pullback=1;rejoin=1;continuation=0
2026-02-13T02:45:00.000000000Z,2026-02-13T03:45:00.000000000Z,LONG,21000.00,21000.00,0.70907,0.70831,EXIT,FLIP,-7.60,-7.60,-15.9600,-9.30,733.1100,4,cross=1;pullback=1;rejoin=1;continuation=0
2026-02-13T03:45:00.000000000Z,2026-02-13T03:45:00.000000000Z,SHORT,21000.00,0.00,0.70831,0.70831,ENTRY,FLIP_ENTRY,0.00,0.00,0.0000,0.00,733.1100,0,cross=0;pullback=1;rejoin=1;continuation=0
2026-02-13T03:45:00.000000000Z,2026-02-13T06:28:00.000000000Z,SHORT,21000.00,9450.00,0.70831,0.70638,TP1,TP1,19.30,8.68,18.2385,-8.70,751.3485,9,cross=0;pullback=1;rejoin=1;continuation=0
2026-02-13T03:45:00.000000000Z,2026-02-13T06:28:00.000000000Z,SHORT,21000.00,11550.00,0.70831,0.70588,RUNNER,RUNNER_STOP,24.30,13.36,28.0665,-8.70,779.4150,9,cross=0;pullback=1;rejoin=1;continuation=0
2026-02-13T07:45:00.000000000Z,2026-02-13T07:45:00.000000000Z,LONG,21000.00,0.00,0.70611,0.70611,ENTRY,ENTRY,0.00,0.00,0.0000,0.00,779.4150,0,cross=1;pullback=1;rejoin=1;continuation=0
2026-02-13T07:45:00.000000000Z,2026-02-13T10:00:00.000000000Z,LONG,21000.00,21000.00,0.70611,0.70673,EXIT,FLIP,6.20,6.20,13.0200,-0.90,792.4350,9,cross=1;pullback=1;rejoin=1;continuation=0
2026-02-13T10:00:00.000000000Z,2026-02-13T10:00:00.000000000Z,SHORT,21000.00,0.00,0.70673,0.70673,ENTRY,FLIP_ENTRY,0.00,0.00,0.0000,0.00,792.4350,0,cross=1;pullback=0;rejoin=0;continuation=0
2026-02-13T10:00:00.000000000Z,2026-02-13T11:52:00.000000000Z,SHORT,21000.00,9450.00,0.70673,0.70480,TP1,TP1,19.30,8.68,18.2385,-3.30,810.6735,6,cross=1;pullback=0;rejoin=0;continuation=0
2026-02-13T10:00:00.000000000Z,2026-02-13T11:52:00.000000000Z,SHORT,21000.00,11550.00,0.70673,0.70430,RUNNER,RUNNER_STOP,24.30,13.36,28.0665,-3.30,838.7400,6,cross=1;pullback=0;rejoin=0;continuation=0
2026-02-13T12:45:00.000000000Z,2026-02-13T12:45:00.000000000Z,LONG,21000.00,0.00,0.70541,0.70541,ENTRY,ENTRY,0.00,0.00,0.0000,0.00,838.7400,0,cross=1;pullback=0;rejoin=0;continuation=0
2026-02-13T12:45:00.000000000Z,2026-02-13T13:30:00.000000000Z,LONG,21000.00,9450.00,0.70541,0.70734,TP1,TP1,19.30,8.68,18.2385,-7.50,856.9785,2,cross=1;pullback=0;rejoin=0;continuation=0
2026-02-13T12:45:00.000000000Z,2026-02-13T13:30:00.000000000Z,LONG,21000.00,11550.00,0.70541,0.70784,RUNNER,RUNNER_STOP,24.30,13.36,28.0665,-7.50,885.0450,2,cross=1;pullback=0;rejoin=0;continuation=0
2026-02-13T15:45:00.000000000Z,2026-02-13T15:45:00.000000000Z,SHORT,21000.00,0.00,0.70601,0.70601,ENTRY,ENTRY,0.00,0.00,0.0000,0.00,885.0450,0,cross=1;pullback=0;rejoin=0;continuation=0
2026-02-13T15:45:00.000000000Z,2026-02-13T16:45:00.000000000Z,SHORT,21000.00,21000.00,0.70601,0.70675,EXIT,FLIP,-7.40,-7.40,-15.5400,-12.10,869.5050,4,cross=1;pullback=0;rejoin=0;continuation=0
2026-02-13T16:45:00.000000000Z,2026-02-13T16:45:00.000000000Z,LONG,21000.00,0.00,0.70675,0.70675,ENTRY,FLIP_ENTRY,0.00,0.00,0.0000,0.00,869.5050,0,cross=0;pullback=1;rejoin=1;continuation=0
2026-02-13T16:45:00.000000000Z,2026-02-13T19:15:00.000000000Z,LONG,21000.00,21000.00,0.70675,0.70785,EXIT,FLIP,11.00,11.00,23.1000,-1.40,892.6050,10,cross=0;pullback=1;rejoin=1;continuation=0
2026-02-13T19:15:00.000000000Z,2026-02-13T19:15:00.000000000Z,SHORT,21000.00,0.00,0.70785,0.70785,ENTRY,FLIP_ENTRY,0.00,0.00,0.0000,0.00,892.6050,0,cross=0;pullback=1;rejoin=0;continuation=0
2026-02-13T19:15:00.000000000Z,2026-02-13T21:45:00.000000000Z,SHORT,21000.00,21000.00,0.70785,0.70742,EXIT,FLIP,4.30,4.30,9.0300,-3.70,901.6350,10,cross=0;pullback=1;rejoin=0;continuation=0
2026-02-13T21:45:00.000000000Z,2026-02-13T21:45:00.000000000Z,LONG,21000.00,0.00,0.70742,0.70742,ENTRY,FLIP_ENTRY,0.00,0.00,0.0000,0.00,901.6350,0,cross=0;pullback=1;rejoin=0;continuation=0
2026-02-13T21:45:00.000000000Z,2026-02-16T02:00:00.000000000Z,LONG,21000.00,21000.00,0.70742,0.70810,EXIT,FLIP,6.80,6.80,14.2800,-16.40,915.9150,17,cross=0;pullback=1;rejoin=0;continuation=0
2026-02-16T02:00:00.000000000Z,2026-02-16T02:00:00.000000000Z,SHORT,21000.00,0.00,0.70810,0.70810,ENTRY,FLIP_ENTRY,0.00,0.00,0.0000,0.00,915.9150,0,cross=0;pullback=1;rejoin=0;continuation=0
2026-02-16T02:00:00.000000000Z,2026-02-16T05:45:00.000000000Z,SHORT,21000.00,21000.00,0.70810,0.70881,EXIT,FLIP,-7.10,-7.10,-14.9100,-8.80,901.0050,15,cross=0;pullback=1;rejoin=0;continuation=0
2026-02-16T05:45:00.000000000Z,2026-02-16T05:45:00.000000000Z,LONG,21000.00,0.00,0.70881,0.70881,ENTRY,FLIP_ENTRY,0.00,0.00,0.0000,0.00,901.0050,0,cross=0;pullback=1;rejoin=1;continuation=0
2026-02-16T05:45:00.000000000Z,2026-02-16T07:00:00.000000000Z,LONG,21000.00,21000.00,0.70881,0.70847,EXIT,FLIP,-3.40,-3.40,-7.1400,-3.60,893.8650,5,cross=0;pullback=1;rejoin=1;continuation=0
2026-02-16T07:00:00.000000000Z,2026-02-16T07:00:00.000000000Z,SHORT,21000.00,0.00,0.70847,0.70847,ENTRY,FLIP_ENTRY,0.00,0.00,0.0000,0.00,893.8650,0,cross=1;pullback=0;rejoin=0;continuation=0
2026-02-16T07:00:00.000000000Z,2026-02-16T12:00:00.000000000Z,SHORT,21000.00,21000.00,0.70847,0.70857,EXIT,FLIP,-1.00,-1.00,-2.1000,-12.00,891.7650,20,cross=1;pullback=0;rejoin=0;continuation=0
2026-02-16T12:00:00.000000000Z,2026-02-16T12:00:00.000000000Z,LONG,21000.00,0.00,0.70857,0.70857,ENTRY,FLIP_ENTRY,0.00,0.00,0.0000,0.00,891.7650,0,cross=1;pullback=0;rejoin=0;continuation=0
2026-02-16T12:00:00.000000000Z,2026-02-17T01:53:00.000000000Z,LONG,21000.00,21000.00,0.70857,0.70570,EXIT,SL,-28.70,-28.70,-60.2700,-27.30,831.4950,54,cross=1;pullback=0;rejoin=0;continuation=0
2026-02-17T03:45:00.000000000Z,2026-02-17T03:45:00.000000000Z,LONG,21000.00,0.00,0.70559,0.70559,ENTRY,ENTRY,0.00,0.00,0.0000,0.00,831.4950,0,cross=0;pullback=1;rejoin=0;continuation=0
2026-02-17T03:45:00.000000000Z,2026-02-17T07:00:00.000000000Z,LONG,21000.00,21000.00,0.70559,0.70608,EXIT,FLIP,4.90,4.90,10.2900,-1.40,841.7850,13,cross=0;pullback=1;rejoin=0;continuation=0
2026-02-17T07:00:00.000000000Z,2026-02-17T07:00:00.000000000Z,SHORT,21000.00,0.00,0.70608,0.70608,ENTRY,FLIP_ENTRY,0.00,0.00,0.0000,0.00,841.7850,0,cross=1;pullback=1;rejoin=1;continuation=0
2026-02-17T07:00:00.000000000Z,2026-02-17T14:15:00.000000000Z,SHORT,21000.00,21000.00,0.70608,0.70495,EXIT,FLIP,11.30,11.30,23.7300,-16.10,865.5150,29,cross=1;pullback=1;rejoin=1;continuation=0
2026-02-17T14:15:00.000000000Z,2026-02-17T14:15:00.000000000Z,LONG,21000.00,0.00,0.70495,0.70495,ENTRY,FLIP_ENTRY,0.00,0.00,0.0000,0.00,865.5150,0,cross=0;pullback=1;rejoin=0;continuation=0
2026-02-17T14:15:00.000000000Z,2026-02-17T18:18:00.000000000Z,LONG,21000.00,9450.00,0.70495,0.70688,TP1,TP1,19.30,8.68,18.2385,-21.30,883.7535,15,cross=0;pullback=1;rejoin=0;continuation=0
2026-02-17T14:15:00.000000000Z,2026-02-17T18:18:00.000000000Z,LONG,21000.00,11550.00,0.70495,0.70738,RUNNER,RUNNER_STOP,24.30,13.36,28.0665,-21.30,911.8200,15,cross=0;pullback=1;rejoin=0;continuation=0
2026-02-17T19:15:00.000000000Z,2026-02-17T19:15:00.000000000Z,SHORT,21000.00,0.00,0.70809,0.70809,ENTRY,ENTRY,0.00,0.00,0.0000,0.00,911.8200,0,cross=0;pullback=1;rejoin=0;continuation=0
2026-02-17T19:15:00.000000000Z,2026-02-18T13:52:00.000000000Z,SHORT,21000.00,9450.00,0.70809,0.70616,TP1,TP1,19.30,8.68,18.2385,-6.90,930.0585,73,cross=0;pullback=1;rejoin=0;continuation=0
2026-02-17T19:15:00.000000000Z,2026-02-18T13:52:00.000000000Z,SHORT,21000.00,11550.00,0.70809,0.70566,RUNNER,RUNNER_STOP,24.30,13.36,28.0665,-6.90,958.1250,73,cross=0;pullback=1;rejoin=0;continuation=0
2026-02-18T14:30:00.000000000Z,2026-02-18T14:30:00.000000000Z,LONG,21000.00,0.00,0.70615,0.70615,ENTRY,ENTRY,0.00,0.00,0.0000,0.00,958.1250,0,cross=0;pullback=1;rejoin=0;continuation=0
2026-02-18T14:30:00.000000000Z,2026-02-19T14:25:00.000000000Z,LONG,21000.00,21000.00,0.70615,0.70328,EXIT,SL,-28.70,-28.70,-60.2700,-27.80,897.8550,94,cross=0;pullback=1;rejoin=0;continuation=0
2026-02-19T17:30:00.000000000Z,2026-02-19T17:30:00.000000000Z,SHORT,21000.00,0.00,0.70513,0.70513,ENTRY,ENTRY,0.00,0.00,0.0000,0.00,897.8550,0,cross=0;pullback=1;rejoin=0;continuation=0
2026-02-19T17:30:00.000000000Z,2026-02-19T18:30:00.000000000Z,SHORT,21000.00,21000.00,0.70513,0.70543,EXIT,FLIP,-3.00,-3.00,-6.3000,-6.20,891.5550,4,cross=0;pullback=1;rejoin=0;continuation=0
2026-02-19T18:30:00.000000000Z,2026-02-19T18:30:00.000000000Z,LONG,21000.00,0.00,0.70543,0.70543,ENTRY,FLIP_ENTRY,0.00,0.00,0.0000,0.00,891.5550,0,cross=0;pullback=1;rejoin=1;continuation=0
2026-02-19T18:30:00.000000000Z,2026-02-19T19:30:00.000000000Z,LONG,21000.00,21000.00,0.70543,0.70456,EXIT,FLIP,-8.70,-8.70,-18.2700,-11.60,873.2850,4,cross=0;pullback=1;rejoin=1;continuation=0
2026-02-19T19:30:00.000000000Z,2026-02-19T19:30:00.000000000Z,SHORT,21000.00,0.00,0.70456,0.70456,ENTRY,FLIP_ENTRY,0.00,0.00,0.0000,0.00,873.2850,0,cross=1;pullback=1;rejoin=1;continuation=0
2026-02-19T19:30:00.000000000Z,2026-02-19T20:30:00.000000000Z,SHORT,21000.00,21000.00,0.70456,0.70525,EXIT,FLIP,-6.90,-6.90,-14.4900,-8.20,858.7950,4,cross=1;pullback=1;rejoin=1;continuation=0
2026-02-19T20:30:00.000000000Z,2026-02-19T20:30:00.000000000Z,LONG,21000.00,0.00,0.70525,0.70525,ENTRY,FLIP_ENTRY,0.00,0.00,0.0000,0.00,858.7950,0,cross=1;pullback=0;rejoin=0;continuation=0
2026-02-19T20:30:00.000000000Z,2026-02-19T23:30:00.000000000Z,LONG,21000.00,21000.00,0.70525,0.70567,EXIT,FLIP,4.20,4.20,8.8200,-1.10,867.6150,12,cross=1;pullback=0;rejoin=0;continuation=0
2026-02-19T23:30:00.000000000Z,2026-02-19T23:30:00.000000000Z,SHORT,21000.00,0.00,0.70567,0.70567,ENTRY,FLIP_ENTRY,0.00,0.00,0.0000,0.00,867.6150,0,cross=1;pullback=1;rejoin=1;continuation=0
2026-02-19T23:30:00.000000000Z,2026-02-20T01:48:00.000000000Z,SHORT,21000.00,9450.00,0.70567,0.70374,TP1,TP1,19.30,8.68,18.2385,-1.30,885.8535,8,cross=1;pullback=1;rejoin=1;continuation=0
2026-02-19T23:30:00.000000000Z,2026-02-20T01:48:00.000000000Z,SHORT,21000.00,11550.00,0.70567,0.70324,RUNNER,RUNNER_STOP,24.30,13.36,28.0665,-1.30,913.9200,8,cross=1;pullback=1;rejoin=1;continuation=0
2026-02-20T03:00:00.000000000Z,2026-02-20T03:00:00.000000000Z,LONG,21000.00,0.00,0.70291,0.70291,ENTRY,ENTRY,0.00,0.00,0.0000,0.00,913.9200,0,cross=0;pullback=1;rejoin=0;continuation=0
2026-02-20T03:00:00.000000000Z,2026-02-20T07:07:00.000000000Z,LONG,21000.00,9450.00,0.70291,0.70484,TP1,TP1,19.30,8.68,18.2385,-5.90,932.1585,15,cross=0;pullback=1;rejoin=0;continuation=0
2026-02-20T03:00:00.000000000Z,2026-02-20T07:07:00.000000000Z,LONG,21000.00,11550.00,0.70291,0.70534,RUNNER,RUNNER_STOP,24.30,13.36,28.0665,-5.90,960.2250,15,cross=0;pullback=1;rejoin=0;continuation=0
2026-02-20T07:45:00.000000000Z,2026-02-20T07:45:00.000000000Z,SHORT,21000.00,0.00,0.70411,0.70411,ENTRY,ENTRY,0.00,0.00,0.0000,0.00,960.2250,0,cross=1;pullback=0;rejoin=0;continuation=0
2026-02-20T07:45:00.000000000Z,2026-02-20T13:15:00.000000000Z,SHORT,21000.00,21000.00,0.70411,0.70533,EXIT,FLIP,-12.20,-12.20,-25.6200,-25.90,934.6050,22,cross=1;pullback=0;rejoin=0;continuation=0
2026-02-20T13:15:00.000000000Z,2026-02-20T13:15:00.000000000Z,LONG,21000.00,0.00,0.70533,0.70533,ENTRY,FLIP_ENTRY,0.00,0.00,0.0000,0.00,934.6050,0,cross=1;pullback=0;rejoin=0;continuation=0
2026-02-20T13:15:00.000000000Z,2026-02-20T15:01:00.000000000Z,LONG,21000.00,9450.00,0.70533,0.70726,TP1,TP1,19.30,8.68,18.2385,-13.10,952.8435,6,cross=1;pullback=0;rejoin=0;continuation=0
2026-02-20T13:15:00.000000000Z,2026-02-20T15:01:00.000000000Z,LONG,21000.00,11550.00,0.70533,0.70776,RUNNER,RUNNER_STOP,24.30,13.36,28.0665,-13.10,980.9100,6,cross=1;pullback=0;rejoin=0;continuation=0
2026-02-20T17:00:00.000000000Z,2026-02-20T17:00:00.000000000Z,SHORT,21000.00,0.00,0.70691,0.70691,ENTRY,ENTRY,0.00,0.00,0.0000,0.00,980.9100,0,cross=1;pullback=1;rejoin=1;continuation=0
2026-02-20T17:00:00.000000000Z,2026-02-22T23:00:00.000000000Z,SHORT,21000.00,21000.00,0.70691,0.70916,EXIT,FLIP,-22.50,-22.50,-47.2500,-25.50,933.6600,24,cross=1;pullback=1;rejoin=1;continuation=0
2026-02-22T23:00:00.000000000Z,2026-02-22T23:00:00.000000000Z,LONG,21000.00,0.00,0.70916,0.70916,ENTRY,FLIP_ENTRY,0.00,0.00,0.0000,0.00,933.6600,0,cross=1;pullback=1;rejoin=1;continuation=0
2026-02-22T23:00:00.000000000Z,2026-02-23T00:30:00.000000000Z,LONG,21000.00,21000.00,0.70916,0.70952,EXIT,FLIP,3.60,3.60,7.5600,-3.80,941.2200,6,cross=1;pullback=1;rejoin=1;continuation=0
2026-02-23T00:30:00.000000000Z,2026-02-23T00:30:00.000000000Z,SHORT,21000.00,0.00,0.70952,0.70952,ENTRY,FLIP_ENTRY,0.00,0.00,0.0000,0.00,941.2200,0,cross=1;pullback=0;rejoin=0;continuation=0
2026-02-23T00:30:00.000000000Z,2026-02-23T02:05:00.000000000Z,SHORT,21000.00,9450.00,0.70952,0.70759,TP1,TP1,19.30,8.68,18.2385,-0.60,959.4585,5,cross=1;pullback=0;rejoin=0;continuation=0
2026-02-23T00:30:00.000000000Z,2026-02-23T02:05:00.000000000Z,SHORT,21000.00,11550.00,0.70952,0.70709,RUNNER,RUNNER_STOP,24.30,13.36,28.0665,-0.60,987.5250,5,cross=1;pullback=0;rejoin=0;continuation=0
2026-02-23T04:30:00.000000000Z,2026-02-23T04:30:00.000000000Z,LONG,21000.00,0.00,0.70723,0.70723,ENTRY,ENTRY,0.00,0.00,0.0000,0.00,987.5250,0,cross=0;pullback=1;rejoin=0;continuation=0
2026-02-23T04:30:00.000000000Z,2026-02-23T07:30:00.000000000Z,LONG,21000.00,21000.00,0.70723,0.70775,EXIT,FLIP,5.20,5.20,10.9200,-5.90,998.4450,12,cross=0;pullback=1;rejoin=0;continuation=0
2026-02-23T07:30:00.000000000Z,2026-02-23T07:30:00.000000000Z,SHORT,21000.00,0.00,0.70775,0.70775,ENTRY,FLIP_ENTRY,0.00,0.00,0.0000,0.00,998.4450,0,cross=1;pullback=0;rejoin=0;continuation=0
2026-02-23T07:30:00.000000000Z,2026-02-23T12:24:00.000000000Z,SHORT,21000.00,9450.00,0.70775,0.70582,TP1,TP1,19.30,8.68,18.2385,-13.30,1016.6835,18,cross=1;pullback=0;rejoin=0;continuation=0
2026-02-23T07:30:00.000000000Z,2026-02-23T12:24:00.000000000Z,SHORT,21000.00,11550.00,0.70775,0.70532,RUNNER,RUNNER_STOP,24.30,13.36,28.0665,-13.30,1044.7500,18,cross=1;pullback=0;rejoin=0;continuation=0
2026-02-23T13:00:00.000000000Z,2026-02-23T13:00:00.000000000Z,LONG,21000.00,0.00,0.70671,0.70671,ENTRY,ENTRY,0.00,0.00,0.0000,0.00,1044.7500,0,cross=1;pullback=0;rejoin=0;continuation=0
2026-02-23T13:00:00.000000000Z,2026-02-24T12:20:00.000000000Z,LONG,21000.00,21000.00,0.70671,0.70384,EXIT,SL,-28.70,-28.70,-60.2700,-27.70,984.4800,92,cross=1;pullback=0;rejoin=0;continuation=0
2026-02-24T12:45:00.000000000Z,2026-02-24T12:45:00.000000000Z,LONG,21000.00,0.00,0.70433,0.70433,ENTRY,ENTRY,0.00,0.00,0.0000,0.00,984.4800,0,cross=0;pullback=1;rejoin=0;continuation=0
2026-02-24T12:45:00.000000000Z,2026-02-24T16:12:00.000000000Z,LONG,21000.00,9450.00,0.70433,0.70626,TP1,TP1,19.30,8.68,18.2385,-16.70,1002.7185,12,cross=0;pullback=1;rejoin=0;continuation=0
2026-02-24T12:45:00.000000000Z,2026-02-24T16:12:00.000000000Z,LONG,21000.00,11550.00,0.70433,0.70676,RUNNER,RUNNER_STOP,24.30,13.36,28.0665,-16.70,1030.7850,12,cross=0;pullback=1;rejoin=0;continuation=0
2026-02-24T17:30:00.000000000Z,2026-02-24T17:30:00.000000000Z,SHORT,21000.00,0.00,0.70625,0.70625,ENTRY,ENTRY,0.00,0.00,0.0000,0.00,1030.7850,0,cross=1;pullback=0;rejoin=0;continuation=0
2026-02-24T17:30:00.000000000Z,2026-02-24T20:30:00.000000000Z,SHORT,21000.00,21000.00,0.70625,0.70647,EXIT,FLIP,-2.20,-2.20,-4.6200,-3.30,1026.1650,12,cross=1;pullback=0;rejoin=0;continuation=0
2026-02-24T20:30:00.000000000Z,2026-02-24T20:30:00.000000000Z,LONG,21000.00,0.00,0.70647,0.70647,ENTRY,FLIP_ENTRY,0.00,0.00,0.0000,0.00,1026.1650,0,cross=1;pullback=0;rejoin=0;continuation=0
2026-02-24T20:30:00.000000000Z,2026-02-25T02:31:00.000000000Z,LONG,21000.00,9450.00,0.70647,0.70840,TP1,TP1,19.30,8.68,18.2385,-7.50,1044.4035,23,cross=1;pullback=0;rejoin=0;continuation=0
2026-02-24T20:30:00.000000000Z,2026-02-25T02:31:00.000000000Z,LONG,21000.00,11550.00,0.70647,0.70890,RUNNER,RUNNER_STOP,24.30,13.36,28.0665,-7.50,1072.4700,23,cross=1;pullback=0;rejoin=0;continuation=0
2026-02-25T07:15:00.000000000Z,2026-02-25T07:15:00.000000000Z,SHORT,21000.00,0.00,0.71094,0.71094,ENTRY,ENTRY,0.00,0.00,0.0000,0.00,1072.4700,0,cross=1;pullback=1;rejoin=1;continuation=0
2026-02-25T07:15:00.000000000Z,2026-02-25T09:38:00.000000000Z,SHORT,21000.00,9450.00,0.71094,0.70901,TP1,TP1,19.30,8.68,18.2385,-0.60,1090.7085,8,cross=1;pullback=1;rejoin=1;continuation=0
2026-02-25T07:15:00.000000000Z,2026-02-25T09:38:00.000000000Z,SHORT,21000.00,11550.00,0.71094,0.70851,RUNNER,RUNNER_STOP,24.30,13.36,28.0665,-0.60,1118.7750,8,cross=1;pullback=1;rejoin=1;continuation=0
2026-02-25T11:45:00.000000000Z,2026-02-25T11:45:00.000000000Z,LONG,21000.00,0.00,0.70811,0.70811,ENTRY,ENTRY,0.00,0.00,0.0000,0.00,1118.7750,0,cross=0;pullback=1;rejoin=0;continuation=0
2026-02-25T11:45:00.000000000Z,2026-02-25T15:18:00.000000000Z,LONG,21000.00,9450.00,0.70811,0.71004,TP1,TP1,19.30,8.68,18.2385,-1.20,1137.0135,13,cross=0;pullback=1;rejoin=0;continuation=0
2026-02-25T11:45:00.000000000Z,2026-02-25T15:18:00.000000000Z,LONG,21000.00,11550.00,0.70811,0.71054,RUNNER,RUNNER_STOP,24.30,13.36,28.0665,-1.20,1165.0800,13,cross=0;pullback=1;rejoin=0;continuation=0
2026-02-25T17:45:00.000000000Z,2026-02-25T17:45:00.000000000Z,SHORT,21000.00,0.00,0.71183,0.71183,ENTRY,ENTRY,0.00,0.00,0.0000,0.00,1165.0800,0,cross=0;pullback=1;rejoin=0;continuation=0
2026-02-25T17:45:00.000000000Z,2026-02-26T00:15:00.000000000Z,SHORT,21000.00,21000.00,0.71183,0.71241,EXIT,FLIP,-5.80,-5.80,-12.1800,-7.70,1152.9000,26,cross=0;pullback=1;rejoin=0;continuation=0
2026-02-26T00:15:00.000000000Z,2026-02-26T00:15:00.000000000Z,LONG,21000.00,0.00,0.71241,0.71241,ENTRY,FLIP_ENTRY,0.00,0.00,0.0000,0.00,1152.9000,0,cross=1;pullback=0;rejoin=0;continuation=0
2026-02-26T00:15:00.000000000Z,2026-02-26T02:15:00.000000000Z,LONG,21000.00,21000.00,0.71241,0.71225,EXIT,FLIP,-1.60,-1.60,-3.3600,-2.70,1149.5400,8,cross=1;pullback=0;rejoin=0;continuation=0
2026-02-26T02:15:00.000000000Z,2026-02-26T02:15:00.000000000Z,SHORT,21000.00,0.00,0.71225,0.71225,ENTRY,FLIP_ENTRY,0.00,0.00,0.0000,0.00,1149.5400,0,cross=1;pullback=0;rejoin=0;continuation=0
2026-02-26T02:15:00.000000000Z,2026-02-26T04:30:00.000000000Z,SHORT,21000.00,21000.00,0.71225,0.71271,EXIT,FLIP,-4.60,-4.60,-9.6600,-6.10,1139.8800,9,cross=1;pullback=0;rejoin=0;continuation=0
2026-02-26T04:30:00.000000000Z,2026-02-26T04:30:00.000000000Z,LONG,21000.00,0.00,0.71271,0.71271,ENTRY,FLIP_ENTRY,0.00,0.00,0.0000,0.00,1139.8800,0,cross=1;pullback=1;rejoin=1;continuation=0
2026-02-26T04:30:00.000000000Z,2026-02-26T06:45:00.000000000Z,LONG,21000.00,21000.00,0.71271,0.71291,EXIT,FLIP,2.00,2.00,4.2000,-2.90,1144.0800,9,cross=1;pullback=1;rejoin=1;continuation=0
2026-02-26T06:45:00.000000000Z,2026-02-26T06:45:00.000000000Z,SHORT,21000.00,0.00,0.71291,0.71291,ENTRY,FLIP_ENTRY,0.00,0.00,0.0000,0.00,1144.0800,0,cross=1;pullback=1;rejoin=1;continuation=0
2026-02-26T06:45:00.000000000Z,2026-02-26T09:00:00.000000000Z,SHORT,21000.00,21000.00,0.71291,0.71179,EXIT,FLIP,11.20,11.20,23.5200,-2.00,1167.6000,9,cross=1;pullback=1;rejoin=1;continuation=0
2026-02-26T09:00:00.000000000Z,2026-02-26T09:00:00.000000000Z,LONG,21000.00,0.00,0.71179,0.71179,ENTRY,FLIP_ENTRY,0.00,0.00,0.0000,0.00,1167.6000,0,cross=0;pullback=1;rejoin=0;continuation=0
2026-02-26T09:00:00.000000000Z,2026-02-26T13:30:00.000000000Z,LONG,21000.00,21000.00,0.71179,0.71109,EXIT,FLIP,-7.00,-7.00,-14.7000,-8.70,1152.9000,18,cross=0;pullback=1;rejoin=0;continuation=0
2026-02-26T13:30:00.000000000Z,2026-02-26T13:30:00.000000000Z,SHORT,21000.00,0.00,0.71109,0.71109,ENTRY,FLIP_ENTRY,0.00,0.00,0.0000,0.00,1152.9000,0,cross=1;pullback=1;rejoin=1;continuation=0
2026-02-26T13:30:00.000000000Z,2026-02-26T15:15:00.000000000Z,SHORT,21000.00,9450.00,0.71109,0.70916,TP1,TP1,19.30,8.68,18.2385,-4.50,1171.1385,6,cross=1;pullback=1;rejoin=1;continuation=0
2026-02-26T13:30:00.000000000Z,2026-02-26T15:15:00.000000000Z,SHORT,21000.00,11550.00,0.71109,0.70866,RUNNER,RUNNER_STOP,24.30,13.36,28.0665,-4.50,1199.2050,6,cross=1;pullback=1;rejoin=1;continuation=0
2026-02-26T15:30:00.000000000Z,2026-02-26T15:30:00.000000000Z,LONG,21000.00,0.00,0.70929,0.70929,ENTRY,ENTRY,0.00,0.00,0.0000,0.00,1199.2050,0,cross=0;pullback=1;rejoin=0;continuation=0
2026-02-26T15:30:00.000000000Z,2026-02-26T21:30:00.000000000Z,LONG,21000.00,21000.00,0.70929,0.71053,EXIT,FLIP,12.40,12.40,26.0400,-19.30,1225.2450,24,cross=0;pullback=1;rejoin=0;continuation=0
2026-02-26T21:30:00.000000000Z,2026-02-26T21:30:00.000000000Z,SHORT,21000.00,0.00,0.71053,0.71053,ENTRY,FLIP_ENTRY,0.00,0.00,0.0000,0.00,1225.2450,0,cross=1;pullback=0;rejoin=0;continuation=0
2026-02-26T21:30:00.000000000Z,2026-02-27T00:00:00.000000000Z,SHORT,21000.00,21000.00,0.71053,0.71068,EXIT,FLIP,-1.50,-1.50,-3.1500,-4.10,1222.0950,10,cross=1;pullback=0;rejoin=0;continuation=0
2026-02-27T00:00:00.000000000Z,2026-02-27T00:00:00.000000000Z,LONG,21000.00,0.00,0.71068,0.71068,ENTRY,FLIP_ENTRY,0.00,0.00,0.0000,0.00,1222.0950,0,cross=1;pullback=0;rejoin=0;continuation=0
2026-02-27T00:00:00.000000000Z,2026-02-27T05:20:00.000000000Z,LONG,21000.00,9450.00,0.71068,0.71261,TP1,TP1,19.30,8.68,18.2385,-10.60,1240.3335,20,cross=1;pullback=0;rejoin=0;continuation=0
2026-02-27T00:00:00.000000000Z,2026-02-27T05:20:00.000000000Z,LONG,21000.00,11550.00,0.71068,0.71311,RUNNER,RUNNER_STOP,24.30,13.36,28.0665,-10.60,1268.4000,20,cross=1;pullback=0;rejoin=0;continuation=0
2026-02-27T05:45:00.000000000Z,2026-02-27T05:45:00.000000000Z,SHORT,21000.00,0.00,0.71253,0.71253,ENTRY,ENTRY,0.00,0.00,0.0000,0.00,1268.4000,0,cross=0;pullback=1;rejoin=0;continuation=0
2026-02-27T05:45:00.000000000Z,2026-02-27T09:15:00.000000000Z,SHORT,21000.00,21000.00,0.71253,0.71177,EXIT,FLIP,7.60,7.60,15.9600,-3.30,1284.3600,14,cross=0;pullback=1;rejoin=0;continuation=0
2026-02-27T09:15:00.000000000Z,2026-02-27T09:15:00.000000000Z,LONG,21000.00,0.00,0.71177,0.71177,ENTRY,FLIP_ENTRY,0.00,0.00,0.0000,0.00,1284.3600,0,cross=0;pullback=1;rejoin=0;continuation=0
2026-02-27T09:15:00.000000000Z,2026-02-27T13:37:00.000000000Z,LONG,21000.00,21000.00,0.71177,0.70890,EXIT,SL,-28.70,-28.70,-60.2700,-27.30,1224.0900,16,cross=0;pullback=1;rejoin=0;continuation=0
2026-02-27T16:15:00.000000000Z,2026-02-27T16:15:00.000000000Z,SHORT,21000.00,0.00,0.71211,0.71211,ENTRY,ENTRY,0.00,0.00,0.0000,0.00,1224.0900,0,cross=0;pullback=1;rejoin=0;continuation=0
2026-02-27T16:15:00.000000000Z,2026-02-27T20:00:00.000000000Z,SHORT,21000.00,21000.00,0.71211,0.71203,EXIT,FLIP,0.80,0.80,1.6800,-6.50,1225.7700,15,cross=0;pullback=1;rejoin=0;continuation=0
2026-02-27T20:00:00.000000000Z,2026-02-27T20:00:00.000000000Z,LONG,21000.00,0.00,0.71203,0.71203,ENTRY,FLIP_ENTRY,0.00,0.00,0.0000,0.00,1225.7700,0,cross=1;pullback=1;rejoin=1;continuation=0
2026-02-27T20:00:00.000000000Z,2026-03-01T22:04:00.000000000Z,LONG,21000.00,21000.00,0.71203,0.70916,EXIT,SL,-28.70,-28.70,-60.2700,-75.10,1165.5000,7,cross=1;pullback=1;rejoin=1;continuation=0
2026-03-01T23:00:00.000000000Z,2026-03-01T23:00:00.000000000Z,LONG,21000.00,0.00,0.70724,0.70724,ENTRY,ENTRY,0.00,0.00,0.0000,0.00,1165.5000,0,cross=0;pullback=1;rejoin=0;continuation=0
2026-03-01T23:00:00.000000000Z,2026-03-02T01:01:00.000000000Z,LONG,21000.00,9450.00,0.70724,0.70917,TP1,TP1,19.30,8.68,18.2385,-20.30,1183.7385,7,cross=0;pullback=1;rejoin=0;continuation=0
2026-03-01T23:00:00.000000000Z,2026-03-02T01:01:00.000000000Z,LONG,21000.00,11550.00,0.70724,0.70967,RUNNER,RUNNER_STOP,24.30,13.36,28.0665,-20.30,1211.8050,7,cross=0;pullback=1;rejoin=0;continuation=0
2026-03-02T03:45:00.000000000Z,2026-03-02T03:45:00.000000000Z,SHORT,21000.00,0.00,0.71091,0.71091,ENTRY,ENTRY,0.00,0.00,0.0000,0.00,1211.8050,0,cross=0;pullback=1;rejoin=0;continuation=0
2026-03-02T03:45:00.000000000Z,2026-03-02T05:06:00.000000000Z,SHORT,21000.00,9450.00,0.71091,0.70898,TP1,TP1,19.30,8.68,18.2385,-3.70,1230.0435,4,cross=0;pullback=1;rejoin=0;continuation=0
2026-03-02T03:45:00.000000000Z,2026-03-02T05:06:00.000000000Z,SHORT,21000.00,11550.00,0.71091,0.70848,RUNNER,RUNNER_STOP,24.30,13.36,28.0665,-3.70,1258.1100,4,cross=0;pullback=1;rejoin=0;continuation=0
2026-03-02T08:30:00.000000000Z,2026-03-02T08:30:00.000000000Z,LONG,21000.00,0.00,0.70623,0.70623,ENTRY,ENTRY,0.00,0.00,0.0000,0.00,1258.1100,0,cross=1;pullback=1;rejoin=1;continuation=0
2026-03-02T08:30:00.000000000Z,2026-03-02T09:10:00.000000000Z,LONG,21000.00,9450.00,0.70623,0.70816,TP1,TP1,19.30,8.68,18.2385,-2.00,1276.3485,1,cross=1;pullback=1;rejoin=1;continuation=0
2026-03-02T08:30:00.000000000Z,2026-03-02T09:10:00.000000000Z,LONG,21000.00,11550.00,0.70623,0.70866,RUNNER,RUNNER_STOP,24.30,13.36,28.0665,-2.00,1304.4150,1,cross=1;pullback=1;rejoin=1;continuation=0
2026-03-02T11:00:00.000000000Z,2026-03-02T11:00:00.000000000Z,SHORT,21000.00,0.00,0.70809,0.70809,ENTRY,ENTRY,0.00,0.00,0.0000,0.00,1304.4150,0,cross=1;pullback=0;rejoin=0;continuation=0
2026-03-02T11:00:00.000000000Z,2026-03-02T12:52:00.000000000Z,SHORT,21000.00,9450.00,0.70809,0.70616,TP1,TP1,19.30,8.68,18.2385,-10.10,1322.6535,6,cross=1;pullback=0;rejoin=0;continuation=0
2026-03-02T11:00:00.000000000Z,2026-03-02T12:52:00.000000000Z,SHORT,21000.00,11550.00,0.70809,0.70566,RUNNER,RUNNER_STOP,24.30,13.36,28.0665,-10.10,1350.7200,6,cross=1;pullback=0;rejoin=0;continuation=0
2026-03-02T14:30:00.000000000Z,2026-03-02T14:30:00.000000000Z,LONG,21000.00,0.00,0.70787,0.70787,ENTRY,ENTRY,0.00,0.00,0.0000,0.00,1350.7200,0,cross=1;pullback=1;rejoin=1;continuation=0
2026-03-02T14:30:00.000000000Z,2026-03-02T19:20:00.000000000Z,LONG,21000.00,9450.00,0.70787,0.70980,TP1,TP1,19.30,8.68,18.2385,-25.30,1368.9585,18,cross=1;pullback=1;rejoin=1;continuation=0
2026-03-02T14:30:00.000000000Z,2026-03-02T19:20:00.000000000Z,LONG,21000.00,11550.00,0.70787,0.71030,RUNNER,RUNNER_STOP,24.30,13.36,28.0665,-25.30,1397.0250,18,cross=1;pullback=1;rejoin=1;continuation=0
2026-03-02T20:00:00.000000000Z,2026-03-02T20:00:00.000000000Z,SHORT,21000.00,0.00,0.70737,0.70737,ENTRY,ENTRY,0.00,0.00,0.0000,0.00,1397.0250,0,cross=1;pullback=1;rejoin=1;continuation=0
2026-03-02T20:00:00.000000000Z,2026-03-02T22:15:00.000000000Z,SHORT,21000.00,21000.00,0.70737,0.70993,EXIT,FLIP,-25.60,-25.60,-53.7600,-26.50,1343.2650,9,cross=1;pullback=1;rejoin=1;continuation=0
2026-03-02T22:15:00.000000000Z,2026-03-02T22:15:00.000000000Z,LONG,21000.00,0.00,0.70993,0.70993,ENTRY,FLIP_ENTRY,0.00,0.00,0.0000,0.00,1343.2650,0,cross=0;pullback=1;rejoin=1;continuation=0
2026-03-02T22:15:00.000000000Z,2026-03-03T00:00:00.000000000Z,LONG,21000.00,21000.00,0.70993,0.70960,EXIT,FLIP,-3.30,-3.30,-6.9300,-4.50,1336.3350,7,cross=0;pullback=1;rejoin=1;continuation=0
2026-03-03T00:00:00.000000000Z,2026-03-03T00:00:00.000000000Z,SHORT,21000.00,0.00,0.70960,0.70960,ENTRY,FLIP_ENTRY,0.00,0.00,0.0000,0.00,1336.3350,0,cross=1;pullback=0;rejoin=0;continuation=0
2026-03-03T00:00:00.000000000Z,2026-03-03T06:45:00.000000000Z,SHORT,21000.00,21000.00,0.70960,0.70921,EXIT,FLIP,3.90,3.90,8.1900,-26.80,1344.5250,27,cross=1;pullback=0;rejoin=0;continuation=0
2026-03-03T06:45:00.000000000Z,2026-03-03T06:45:00.000000000Z,LONG,21000.00,0.00,0.70921,0.70921,ENTRY,FLIP_ENTRY,0.00,0.00,0.0000,0.00,1344.5250,0,cross=0;pullback=1;rejoin=0;continuation=0
2026-03-03T06:45:00.000000000Z,2026-03-03T08:35:00.000000000Z,LONG,21000.00,21000.00,0.70921,0.70634,EXIT,SL,-28.70,-28.70,-60.2700,-27.70,1284.2550,6,cross=0;pullback=1;rejoin=0;continuation=0
2026-03-03T11:45:00.000000000Z,2026-03-03T11:45:00.000000000Z,LONG,21000.00,0.00,0.70271,0.70271,ENTRY,ENTRY,0.00,0.00,0.0000,0.00,1284.2550,0,cross=1;pullback=0;rejoin=0;continuation=0
2026-03-03T11:45:00.000000000Z,2026-03-03T14:25:00.000000000Z,LONG,21000.00,21000.00,0.70271,0.69984,EXIT,SL,-28.70,-28.70,-60.2700,-28.40,1223.9850,9,cross=1;pullback=0;rejoin=0;continuation=0
2026-03-03T15:45:00.000000000Z,2026-03-03T15:45:00.000000000Z,LONG,21000.00,0.00,0.69961,0.69961,ENTRY,ENTRY,0.00,0.00,0.0000,0.00,1223.9850,0,cross=1;pullback=0;rejoin=0;continuation=0
2026-03-03T15:45:00.000000000Z,2026-03-03T16:17:00.000000000Z,LONG,21000.00,9450.00,0.69961,0.70154,TP1,TP1,19.30,8.68,18.2385,-4.50,1242.2235,1,cross=1;pullback=0;rejoin=0;continuation=0
2026-03-03T15:45:00.000000000Z,2026-03-03T16:17:00.000000000Z,LONG,21000.00,11550.00,0.69961,0.70204,RUNNER,RUNNER_STOP,24.30,13.36,28.0665,-4.50,1270.2900,1,cross=1;pullback=0;rejoin=0;continuation=0
2026-03-03T19:00:00.000000000Z,2026-03-03T19:00:00.000000000Z,SHORT,21000.00,0.00,0.70339,0.70339,ENTRY,ENTRY,0.00,0.00,0.0000,0.00,1270.2900,0,cross=0;pullback=1;rejoin=0;continuation=0
2026-03-03T19:00:00.000000000Z,2026-03-03T22:45:00.000000000Z,SHORT,21000.00,21000.00,0.70339,0.70383,EXIT,FLIP,-4.40,-4.40,-9.2400,-23.80,1261.0500,15,cross=0;pullback=1;rejoin=0;continuation=0
2026-03-03T22:45:00.000000000Z,2026-03-03T22:45:00.000000000Z,LONG,21000.00,0.00,0.70383,0.70383,ENTRY,FLIP_ENTRY,0.00,0.00,0.0000,0.00,1261.0500,0,cross=1;pullback=0;rejoin=0;continuation=0
2026-03-03T22:45:00.000000000Z,2026-03-04T00:40:00.000000000Z,LONG,21000.00,21000.00,0.70383,0.70096,EXIT,SL,-28.70,-28.70,-60.2700,-27.30,1200.7800,6,cross=1;pullback=0;rejoin=0;continuation=0
2026-03-04T02:00:00.000000000Z,2026-03-04T02:00:00.000000000Z,LONG,21000.00,0.00,0.70105,0.70105,ENTRY,ENTRY,0.00,0.00,0.0000,0.00,1200.7800,0,cross=0;pullback=1;rejoin=0;continuation=0
2026-03-04T02:00:00.000000000Z,2026-03-04T06:00:00.000000000Z,LONG,21000.00,21000.00,0.70105,0.69995,EXIT,FLIP,-11.00,-11.00,-23.1000,-25.90,1177.6800,16,cross=0;pullback=1;rejoin=0;continuation=0
2026-03-04T06:00:00.000000000Z,2026-03-04T06:00:00.000000000Z,SHORT,21000.00,0.00,0.69995,0.69995,ENTRY,FLIP_ENTRY,0.00,0.00,0.0000,0.00,1177.6800,0,cross=0;pullback=1;rejoin=0;continuation=0
2026-03-04T06:00:00.000000000Z,2026-03-04T07:02:00.000000000Z,SHORT,21000.00,21000.00,0.69995,0.70282,EXIT,SL,-28.70,-28.70,-60.2700,-27.70,1117.4100,3,cross=0;pullback=1;rejoin=0;continuation=0
2026-03-04T08:15:00.000000000Z,2026-03-04T08:15:00.000000000Z,SHORT,21000.00,0.00,0.70212,0.70212,ENTRY,ENTRY,0.00,0.00,0.0000,0.00,1117.4100,0,cross=1;pullback=0;rejoin=0;continuation=0
2026-03-04T08:15:00.000000000Z,2026-03-04T10:08:00.000000000Z,SHORT,21000.00,21000.00,0.70212,0.70499,EXIT,SL,-28.70,-28.70,-60.2700,-51.40,1057.1400,6,cross=1;pullback=0;rejoin=0;continuation=0
2026-03-04T11:30:00.000000000Z,2026-03-04T11:30:00.000000000Z,SHORT,21000.00,0.00,0.70485,0.70485,ENTRY,ENTRY,0.00,0.00,0.0000,0.00,1057.1400,0,cross=0;pullback=1;rejoin=0;continuation=0
2026-03-04T11:30:00.000000000Z,2026-03-04T15:15:00.000000000Z,SHORT,21000.00,21000.00,0.70485,0.70693,EXIT,FLIP,-20.80,-20.80,-43.6800,-20.70,1013.4600,15,cross=0;pullback=1;rejoin=0;continuation=0
2026-03-04T15:15:00.000000000Z,2026-03-04T15:15:00.000000000Z,LONG,21000.00,0.00,0.70693,0.70693,ENTRY,FLIP_ENTRY,0.00,0.00,0.0000,0.00,1013.4600,0,cross=1;pullback=1;rejoin=1;continuation=0
2026-03-04T15:15:00.000000000Z,2026-03-04T18:00:00.000000000Z,LONG,21000.00,21000.00,0.70693,0.70643,EXIT,FLIP,-5.00,-5.00,-10.5000,-14.10,1002.9600,11,cross=1;pullback=1;rejoin=1;continuation=0
2026-03-04T18:00:00.000000000Z,2026-03-04T18:00:00.000000000Z,SHORT,21000.00,0.00,0.70643,0.70643,ENTRY,FLIP_ENTRY,0.00,0.00,0.0000,0.00,1002.9600,0,cross=1;pullback=1;rejoin=1;continuation=0
2026-03-04T18:00:00.000000000Z,2026-03-05T00:00:00.000000000Z,SHORT,21000.00,21000.00,0.70643,0.70800,EXIT,FLIP,-15.70,-15.70,-32.9700,-19.10,969.9900,24,cross=1;pullback=1;rejoin=1;continuation=0
2026-03-05T00:00:00.000000000Z,2026-03-05T00:00:00.000000000Z,LONG,21000.00,0.00,0.70800,0.70800,ENTRY,FLIP_ENTRY,0.00,0.00,0.0000,0.00,969.9900,0,cross=1;pullback=1;rejoin=1;continuation=0
2026-03-05T00:00:00.000000000Z,2026-03-05T01:30:00.000000000Z,LONG,21000.00,21000.00,0.70800,0.70693,EXIT,FLIP,-10.70,-10.70,-22.4700,-12.00,947.5200,6,cross=1;pullback=1;rejoin=1;continuation=0
2026-03-05T01:30:00.000000000Z,2026-03-05T01:30:00.000000000Z,SHORT,21000.00,0.00,0.70693,0.70693,ENTRY,FLIP_ENTRY,0.00,0.00,0.0000,0.00,947.5200,0,cross=1;pullback=1;rejoin=1;continuation=0
2026-03-05T01:30:00.000000000Z,2026-03-05T04:03:00.000000000Z,SHORT,21000.00,9450.00,0.70693,0.70500,TP1,TP1,19.30,8.68,18.2385,-5.40,965.7585,9,cross=1;pullback=1;rejoin=1;continuation=0
2026-03-05T01:30:00.000000000Z,2026-03-05T04:03:00.000000000Z,SHORT,21000.00,11550.00,0.70693,0.70450,RUNNER,RUNNER_STOP,24.30,13.36,28.0665,-5.40,993.8250,9,cross=1;pullback=1;rejoin=1;continuation=0
2026-03-05T06:45:00.000000000Z,2026-03-05T06:45:00.000000000Z,LONG,21000.00,0.00,0.70477,0.70477,ENTRY,ENTRY,0.00,0.00,0.0000,0.00,993.8250,0,cross=1;pullback=1;rejoin=1;continuation=0
2026-03-05T06:45:00.000000000Z,2026-03-05T08:09:00.000000000Z,LONG,21000.00,21000.00,0.70477,0.70190,EXIT,SL,-28.70,-28.70,-60.2700,-27.50,933.5550,4,cross=1;pullback=1;rejoin=1;continuation=0
2026-03-05T09:00:00.000000000Z,2026-03-05T09:00:00.000000000Z,LONG,21000.00,0.00,0.70671,0.70671,ENTRY,ENTRY,0.00,0.00,0.0000,0.00,933.5550,0,cross=1;pullback=0;rejoin=0;continuation=0
2026-03-05T09:00:00.000000000Z,2026-03-05T09:52:00.000000000Z,LONG,21000.00,21000.00,0.70671,0.70384,EXIT,SL,-28.70,-28.70,-60.2700,-27.50,873.2850,2,cross=1;pullback=0;rejoin=0;continuation=0
2026-03-05T10:30:00.000000000Z,2026-03-05T10:30:00.000000000Z,SHORT,21000.00,0.00,0.70419,0.70419,ENTRY,ENTRY,0.00,0.00,0.0000,0.00,873.2850,0,cross=1;pullback=1;rejoin=1;continuation=0
2026-03-05T10:30:00.000000000Z,2026-03-05T14:39:00.000000000Z,SHORT,21000.00,9450.00,0.70419,0.70226,TP1,TP1,19.30,8.68,18.2385,-16.50,891.5235,15,cross=1;pullback=1;rejoin=1;continuation=0
2026-03-05T10:30:00.000000000Z,2026-03-05T14:39:00.000000000Z,SHORT,21000.00,11550.00,0.70419,0.70176,RUNNER,RUNNER_STOP,24.30,13.36,28.0665,-16.50,919.5900,15,cross=1;pullback=1;rejoin=1;continuation=0
2026-03-05T14:45:00.000000000Z,2026-03-05T14:45:00.000000000Z,LONG,21000.00,0.00,0.70377,0.70377,ENTRY,ENTRY,0.00,0.00,0.0000,0.00,919.5900,0,cross=1;pullback=1;rejoin=1;continuation=0
2026-03-05T14:45:00.000000000Z,2026-03-05T15:30:00.000000000Z,LONG,21000.00,21000.00,0.70377,0.70090,EXIT,SL,-28.70,-28.70,-60.2700,-28.70,859.3200,2,cross=1;pullback=1;rejoin=1;continuation=0
2026-03-05T18:30:00.000000000Z,2026-03-05T18:30:00.000000000Z,LONG,21000.00,0.00,0.69932,0.69932,ENTRY,ENTRY,0.00,0.00,0.0000,0.00,859.3200,0,cross=0;pullback=1;rejoin=0;continuation=0
2026-03-05T18:30:00.000000000Z,2026-03-05T20:50:00.000000000Z,LONG,21000.00,9450.00,0.69932,0.70125,TP1,TP1,19.30,8.68,18.2385,-19.30,877.5585,8,cross=0;pullback=1;rejoin=0;continuation=0
2026-03-05T18:30:00.000000000Z,2026-03-05T20:50:00.000000000Z,LONG,21000.00,11550.00,0.69932,0.70175,RUNNER,RUNNER_STOP,24.30,13.36,28.0665,-19.30,905.6250,8,cross=0;pullback=1;rejoin=0;continuation=0
2026-03-05T22:30:00.000000000Z,2026-03-05T22:30:00.000000000Z,SHORT,21000.00,0.00,0.70073,0.70073,ENTRY,ENTRY,0.00,0.00,0.0000,0.00,905.6250,0,cross=0;pullback=1;rejoin=0;continuation=0
2026-03-05T22:30:00.000000000Z,2026-03-06T02:01:00.000000000Z,SHORT,21000.00,21000.00,0.70073,0.70360,EXIT,SL,-28.70,-28.70,-60.2700,-28.50,845.3550,13,cross=0;pullback=1;rejoin=0;continuation=0
2026-03-06T08:15:00.000000000Z,2026-03-06T08:15:00.000000000Z,SHORT,21000.00,0.00,0.70314,0.70314,ENTRY,ENTRY,0.00,0.00,0.0000,0.00,845.3550,0,cross=1;pullback=0;rejoin=0;continuation=0
2026-03-06T08:15:00.000000000Z,2026-03-06T09:36:00.000000000Z,SHORT,21000.00,9450.00,0.70314,0.70121,TP1,TP1,19.30,8.68,18.2385,-10.80,863.5935,4,cross=1;pullback=0;rejoin=0;continuation=0
2026-03-06T08:15:00.000000000Z,2026-03-06T09:36:00.000000000Z,SHORT,21000.00,11550.00,0.70314,0.70071,RUNNER,RUNNER_STOP,24.30,13.36,28.0665,-10.80,891.6600,4,cross=1;pullback=0;rejoin=0;continuation=0
2026-03-06T10:45:00.000000000Z,2026-03-06T10:45:00.000000000Z,LONG,21000.00,0.00,0.70109,0.70109,ENTRY,ENTRY,0.00,0.00,0.0000,0.00,891.6600,0,cross=0;pullback=1;rejoin=0;continuation=0
2026-03-06T10:45:00.000000000Z,2026-03-06T13:55:00.000000000Z,LONG,21000.00,21000.00,0.70109,0.69822,EXIT,SL,-28.70,-28.70,-60.2700,-27.70,831.3900,11,cross=0;pullback=1;rejoin=0;continuation=0
2026-03-06T16:00:00.000000000Z,2026-03-06T16:00:00.000000000Z,LONG,21000.00,0.00,0.70099,0.70099,ENTRY,ENTRY,0.00,0.00,0.0000,0.00,831.3900,0,cross=0;pullback=1;rejoin=1;continuation=0
2026-03-06T16:00:00.000000000Z,2026-03-06T17:30:00.000000000Z,LONG,21000.00,21000.00,0.70099,0.70115,EXIT,FLIP,1.60,1.60,3.3600,-0.70,834.7500,6,cross=0;pullback=1;rejoin=1;continuation=0
2026-03-06T17:30:00.000000000Z,2026-03-06T17:30:00.000000000Z,SHORT,21000.00,0.00,0.70115,0.70115,ENTRY,FLIP_ENTRY,0.00,0.00,0.0000,0.00,834.7500,0,cross=1;pullback=0;rejoin=0;continuation=0
2026-03-06T17:30:00.000000000Z,2026-03-06T21:45:00.000000000Z,SHORT,21000.00,21000.00,0.70115,0.70307,EXIT,FLIP,-19.20,-19.20,-40.3200,-20.50,794.4300,17,cross=1;pullback=0;rejoin=0;continuation=0
2026-03-06T21:45:00.000000000Z,2026-03-06T21:45:00.000000000Z,LONG,21000.00,0.00,0.70307,0.70307,ENTRY,FLIP_ENTRY,0.00,0.00,0.0000,0.00,794.4300,0,cross=0;pullback=1;rejoin=1;continuation=0
2026-03-06T21:45:00.000000000Z,2026-03-08T21:04:00.000000000Z,LONG,21000.00,21000.00,0.70307,0.70020,EXIT,SL,-28.70,-28.70,-60.2700,-44.60,734.1600,0,cross=0;pullback=1;rejoin=1;continuation=0
2026-03-09T01:00:00.000000000Z,2026-03-09T01:00:00.000000000Z,LONG,21000.00,0.00,0.69699,0.69699,ENTRY,ENTRY,0.00,0.00,0.0000,0.00,734.1600,0,cross=0;pullback=1;rejoin=0;continuation=0
2026-03-09T01:00:00.000000000Z,2026-03-09T02:54:00.000000000Z,LONG,21000.00,9450.00,0.69699,0.69892,TP1,TP1,19.30,8.68,18.2385,-13.70,752.3985,6,cross=0;pullback=1;rejoin=0;continuation=0
2026-03-09T01:00:00.000000000Z,2026-03-09T02:54:00.000000000Z,LONG,21000.00,11550.00,0.69699,0.69942,RUNNER,RUNNER_STOP,24.30,13.36,28.0665,-13.70,780.4650,6,cross=0;pullback=1;rejoin=0;continuation=0
2026-03-09T06:00:00.000000000Z,2026-03-09T06:00:00.000000000Z,SHORT,21000.00,0.00,0.70055,0.70055,ENTRY,ENTRY,0.00,0.00,0.0000,0.00,780.4650,0,cross=0;pullback=1;rejoin=0;continuation=0
2026-03-09T06:00:00.000000000Z,2026-03-09T08:29:00.000000000Z,SHORT,21000.00,9450.00,0.70055,0.69862,TP1,TP1,19.30,8.68,18.2385,-9.50,798.7035,8,cross=0;pullback=1;rejoin=0;continuation=0
2026-03-09T06:00:00.000000000Z,2026-03-09T08:29:00.000000000Z,SHORT,21000.00,11550.00,0.70055,0.69812,RUNNER,RUNNER_STOP,24.30,13.36,28.0665,-9.50,826.7700,8,cross=0;pullback=1;rejoin=0;continuation=0
2026-03-09T09:00:00.000000000Z,2026-03-09T09:00:00.000000000Z,LONG,21000.00,0.00,0.69995,0.69995,ENTRY,ENTRY,0.00,0.00,0.0000,0.00,826.7700,0,cross=1;pullback=0;rejoin=0;continuation=0
2026-03-09T09:00:00.000000000Z,2026-03-09T09:32:00.000000000Z,LONG,21000.00,9450.00,0.69995,0.70188,TP1,TP1,19.30,8.68,18.2385,-2.20,845.0085,1,cross=1;pullback=0;rejoin=0;continuation=0
2026-03-09T09:00:00.000000000Z,2026-03-09T09:32:00.000000000Z,LONG,21000.00,11550.00,0.69995,0.70238,RUNNER,RUNNER_STOP,24.30,13.36,28.0665,-2.20,873.0750,1,cross=1;pullback=0;rejoin=0;continuation=0
2026-03-09T11:30:00.000000000Z,2026-03-09T11:30:00.000000000Z,SHORT,21000.00,0.00,0.70137,0.70137,ENTRY,ENTRY,0.00,0.00,0.0000,0.00,873.0750,0,cross=1;pullback=0;rejoin=0;continuation=0
2026-03-09T11:30:00.000000000Z,2026-03-09T14:22:00.000000000Z,SHORT,21000.00,21000.00,0.70137,0.70424,EXIT,SL,-28.70,-28.70,-60.2700,-27.30,812.8050,10,cross=1;pullback=0;rejoin=0;continuation=0
2026-03-09T17:00:00.000000000Z,2026-03-09T17:00:00.000000000Z,SHORT,21000.00,0.00,0.70427,0.70427,ENTRY,ENTRY,0.00,0.00,0.0000,0.00,812.8050,0,cross=1;pullback=0;rejoin=0;continuation=0
2026-03-09T17:00:00.000000000Z,2026-03-09T19:20:00.000000000Z,SHORT,21000.00,21000.00,0.70427,0.70714,EXIT,SL,-28.70,-28.70,-60.2700,-28.60,752.5350,8,cross=1;pullback=0;rejoin=0;continuation=0
2026-03-09T22:15:00.000000000Z,2026-03-09T22:15:00.000000000Z,SHORT,21000.00,0.00,0.70735,0.70735,ENTRY,ENTRY,0.00,0.00,0.0000,0.00,752.5350,0,cross=1;pullback=1;rejoin=1;continuation=0
2026-03-09T22:15:00.000000000Z,2026-03-10T05:00:00.000000000Z,SHORT,21000.00,21000.00,0.70735,0.70645,EXIT,FLIP,9.00,9.00,18.9000,-7.10,771.4350,27,cross=1;pullback=1;rejoin=1;continuation=0
2026-03-10T05:00:00.000000000Z,2026-03-10T05:00:00.000000000Z,LONG,21000.00,0.00,0.70645,0.70645,ENTRY,FLIP_ENTRY,0.00,0.00,0.0000,0.00,771.4350,0,cross=0;pullback=1;rejoin=1;continuation=0
2026-03-10T05:00:00.000000000Z,2026-03-10T06:13:00.000000000Z,LONG,21000.00,9450.00,0.70645,0.70838,TP1,TP1,19.30,8.68,18.2385,-5.30,789.6735,3,cross=0;pullback=1;rejoin=1;continuation=0
2026-03-10T05:00:00.000000000Z,2026-03-10T06:13:00.000000000Z,LONG,21000.00,11550.00,0.70645,0.70888,RUNNER,RUNNER_STOP,24.30,13.36,28.0665,-5.30,817.7400,3,cross=0;pullback=1;rejoin=1;continuation=0
2026-03-10T08:00:00.000000000Z,2026-03-10T08:00:00.000000000Z,SHORT,21000.00,0.00,0.70986,0.70986,ENTRY,ENTRY,0.00,0.00,0.0000,0.00,817.7400,0,cross=0;pullback=1;rejoin=0;continuation=0
2026-03-10T08:00:00.000000000Z,2026-03-10T13:24:00.000000000Z,SHORT,21000.00,21000.00,0.70986,0.71273,EXIT,SL,-28.70,-28.70,-60.2700,-28.10,757.4700,20,cross=0;pullback=1;rejoin=0;continuation=0
2026-03-10T17:30:00.000000000Z,2026-03-10T17:30:00.000000000Z,SHORT,21000.00,0.00,0.71493,0.71493,ENTRY,ENTRY,0.00,0.00,0.0000,0.00,757.4700,0,cross=0;pullback=1;rejoin=0;continuation=0
2026-03-10T17:30:00.000000000Z,2026-03-10T18:17:00.000000000Z,SHORT,21000.00,9450.00,0.71493,0.71300,TP1,TP1,19.30,8.68,18.2385,-8.30,775.7085,2,cross=0;pullback=1;rejoin=0;continuation=0
2026-03-10T17:30:00.000000000Z,2026-03-10T18:17:00.000000000Z,SHORT,21000.00,11550.00,0.71493,0.71250,RUNNER,RUNNER_STOP,24.30,13.36,28.0665,-8.30,803.7750,2,cross=0;pullback=1;rejoin=0;continuation=0
2026-03-10T21:00:00.000000000Z,2026-03-10T21:00:00.000000000Z,LONG,21000.00,0.00,0.71209,0.71209,ENTRY,ENTRY,0.00,0.00,0.0000,0.00,803.7750,0,cross=0;pullback=1;rejoin=0;continuation=0
